solver;instance_source_file_name;time_limit;time;gap;nodes;best_solution;best_bound;matrix_constraints;matrix_variables;matrix_nonzeros;matrix_post_constraints;matrix_post_variables;matrix_post_nonzeros;first_relaxed;first_solution_BestInteger;first_solution_CutsBestBound;cut_info_best_bound;cut_info_best_solution;cut_info_time;cut_info_CLIQUE;cut_info_COVER;cut_info_FLOW;cut_info_GOMORY;cut_info_LIFT_AND_PROJECT;cut_info_MIR;cut_info_OUTROS;cut_info_ZERO_HALF;cut_info_CLIQUE;cut_info_COVER;cut_info_FLOW;cut_info_GOMORY;cut_info_IMPLIED_BOUND;cut_info_LIFT_AND_PROJECT;cut_info_MIR;cut_info_OUTROS;cut_info_ZERO_HALF;cut_info_CLIQUE;cut_info_COVER;cut_info_FLOW;cut_info_GOMORY;cut_info_GUB_COVER;cut_info_IMPLIED_BOUND;cut_info_LIFT_AND_PROJECT;cut_info_MIR;cut_info_OUTROS;cut_info_ZERO_HALF
CPLEX;p1;120;0,03;0;0,0;8848,0;8848,0;60;510;1010;17;42;85;0,0;23446,0;0,0;118,0;8848,0;0,03;7;3;;1;1;;;4;7;3;;1;;1;;;4;7;3;;1;;;1;;;4
GUROBI;p1;120;0,01;0;1,0;8848,0;8848,0;60;510;1010;60;510;1010;7553,01171;14416,0;7553,01171;;;;;;;;;;;;;;;;;;;;;;;;;;;;;;
CBC;p1;120;0,08;0;0;8848,0;8848,0;60;510;1010;60;510;1010;;;;;;;;;;;;;;;;;;;;;;;;;;;;;;;;;
CPLEX;p1;300;0,04;0;0,0;8848,0;8848,0;60;510;1010;17;42;85;0,0;23446,0;0,0;118,0;8848,0;0,03;7;3;;1;1;;;4;7;3;;1;;1;;;4;7;3;;1;;;1;;;4
GUROBI;p1;300;0,01;0;1,0;8848,0;8848,0;60;510;1010;60;510;1010;7553,01171;14416,0;7553,01171;;;;;;;;;;;;;;;;;;;;;;;;;;;;;;
CBC;p1;300;0,08;0;0;8848,0;8848,0;60;510;1010;60;510;1010;;;;;;;;;;;;;;;;;;;;;;;;;;;;;;;;;
CPLEX;p1;600;0,03;0;0,0;8848,0;8848,0;60;510;1010;17;42;85;0,0;23446,0;0,0;118,0;8848,0;0,03;7;3;;1;1;;;4;7;3;;1;;1;;;4;7;3;;1;;;1;;;4
GUROBI;p1;600;0,01;0;1,0;8848,0;8848,0;60;510;1010;60;510;1010;7553,01171;14416,0;7553,01171;;;;;;;;;;;;;;;;;;;;;;;;;;;;;;
CBC;p1;600;0,08;0;0;8848,0;8848,0;60;510;1010;60;510;1010;;;;;;;;;;;;;;;;;;;;;;;;;;;;;;;;;
CPLEX;p2;120;0,04;0;0,0;7913,0;7913,0;60;510;1010;20;58;114;0,0;22132,0;0,0;114,0;7913,0;0,03;2;3;3;4;1;1;;2;2;3;3;4;;1;1;;2;2;3;3;4;;;1;1;;2
GUROBI;p2;120;0,01;0;1,0;7913,0;7913,0;60;510;1010;60;510;1010;6788,66442;13102,0;6788,66442;;;;;;;;;;;;;;;;;;;;;;;;;;;;;;
CBC;p2;120;0,04;0;0;7913,0;7913,0;60;510;1010;60;510;1010;;;;;;;;;;;;;;;;;;;;;;;;;;;;;;;;;
CPLEX;p2;300;0,04;0;0,0;7913,0;7913,0;60;510;1010;20;58;114;0,0;22132,0;0,0;114,0;7913,0;0,04;2;3;3;4;1;1;;2;2;3;3;4;;1;1;;2;2;3;3;4;;;1;1;;2
GUROBI;p2;300;0,01;0;1,0;7913,0;7913,0;60;510;1010;60;510;1010;6788,66442;13102,0;6788,66442;;;;;;;;;;;;;;;;;;;;;;;;;;;;;;
CBC;p2;300;0,04;0;0;7913,0;7913,0;60;510;1010;60;510;1010;;;;;;;;;;;;;;;;;;;;;;;;;;;;;;;;;
CPLEX;p2;600;0,04;0;0,0;7913,0;7913,0;60;510;1010;20;58;114;0,0;22132,0;0,0;114,0;7913,0;0,03;2;3;3;4;1;1;;2;2;3;3;4;;1;1;;2;2;3;3;4;;;1;1;;2
GUROBI;p2;600;0,01;0;1,0;7913,0;7913,0;60;510;1010;60;510;1010;6788,66442;13102,0;6788,66442;;;;;;;;;;;;;;;;;;;;;;;;;;;;;;
CBC;p2;600;0,04;0;0;7913,0;7913,0;60;510;1010;60;510;1010;;;;;;;;;;;;;;;;;;;;;;;;;;;;;;;;;
CPLEX;p3;120;0,03;0;0,0;9314,0;9314,0;60;510;1010;22;62;125;0,0;24132,0;0,0;150,0;9314,0;0,03;7;2;2;4;;;;3;7;2;2;4;;;;;3;7;2;2;4;;;;;;3
GUROBI;p3;120;0,02;0;1,0;9314,0;9314,0;60;510;1010;60;510;1010;8034,86114;15102,0;8034,86114;9314,0;9314,0;0,0;;1;;;;;;;;1;;;;;;;;;1;;;;;;;;
CBC;p3;120;0,11;0;0;9314,0;9314,0;60;510;1010;60;510;1010;;;;;;;;;;;;;;;;;;;;;;;;;;;;;;;;;
CPLEX;p3;300;0,03;0;0,0;9314,0;9314,0;60;510;1010;22;62;125;0,0;24132,0;0,0;150,0;9314,0;0,03;7;2;2;4;;;;3;7;2;2;4;;;;;3;7;2;2;4;;;;;;3
GUROBI;p3;300;0,02;0;1,0;9314,0;9314,0;60;510;1010;60;510;1010;8034,86114;15102,0;8034,86114;9314,0;9314,0;0,0;;1;;;;;;;;1;;;;;;;;;1;;;;;;;;
CBC;p3;300;0,11;0;0;9314,0;9314,0;60;510;1010;60;510;1010;;;;;;;;;;;;;;;;;;;;;;;;;;;;;;;;;
CPLEX;p3;600;0,03;0;0,0;9314,0;9314,0;60;510;1010;22;62;125;0,0;24132,0;0,0;150,0;9314,0;0,03;7;2;2;4;;;;3;7;2;2;4;;;;;3;7;2;2;4;;;;;;3
GUROBI;p3;600;0,02;0;1,0;9314,0;9314,0;60;510;1010;60;510;1010;8034,86114;15102,0;8034,86114;9314,0;9314,0;0,0;;1;;;;;;;;1;;;;;;;;;1;;;;;;;;
CBC;p3;600;0,1;0;0;9314,0;9314,0;60;510;1010;60;510;1010;;;;;;;;;;;;;;;;;;;;;;;;;;;;;;;;;
CPLEX;p4;120;0,05;0;0,0;10714,0;10714,0;60;510;1010;44;159;310;0,0;26132,0;0,0;10714,0;10714,0;0,05;29;11;1;3;4;5;;6;29;11;1;3;;4;5;;6;29;11;1;3;;;4;5;;6
GUROBI;p4;120;0,03;0;1,0;10714,0;10714,0;60;510;1010;60;510;1010;9258,97361;17102,0;9258,97361;10661,6662;10714,0;0,0;26;10;;3;;5;8;;26;10;;3;;;5;8;;26;10;;3;;;;5;8;
CBC;p4;120;0,33;0;6;10714,0;10714,0;60;510;1010;60;510;1010;10682,329;11858,0;10682,329;;;;;;;;;;;;;;;;;;;;;;;;;;;;;;
CPLEX;p4;300;0,05;0;0,0;10714,0;10714,0;60;510;1010;44;159;310;0,0;26132,0;0,0;10714,0;10714,0;0,05;29;11;1;3;4;5;;6;29;11;1;3;;4;5;;6;29;11;1;3;;;4;5;;6
GUROBI;p4;300;0,03;0;1,0;10714,0;10714,0;60;510;1010;60;510;1010;9258,97361;17102,0;9258,97361;10661,6662;10714,0;0,0;26;10;;3;;5;8;;26;10;;3;;;5;8;;26;10;;3;;;;5;8;
CBC;p4;300;0,33;0;6;10714,0;10714,0;60;510;1010;60;510;1010;10682,329;11858,0;10682,329;;;;;;;;;;;;;;;;;;;;;;;;;;;;;;
CPLEX;p4;600;0,05;0;0,0;10714,0;10714,0;60;510;1010;44;159;310;0,0;26132,0;0,0;10714,0;10714,0;0,05;29;11;1;3;4;5;;6;29;11;1;3;;4;5;;6;29;11;1;3;;;4;5;;6
GUROBI;p4;600;0,03;0;1,0;10714,0;10714,0;60;510;1010;60;510;1010;9258,97361;17102,0;9258,97361;10661,6662;10714,0;0,0;26;10;;3;;5;8;;26;10;;3;;;5;8;;26;10;;3;;;;5;8;
CBC;p4;600;0,33;0;6;10714,0;10714,0;60;510;1010;60;510;1010;10682,329;11858,0;10682,329;;;;;;;;;;;;;;;;;;;;;;;;;;;;;;
CPLEX;p5;120;0,03;0;0,0;8838,0;8838,0;60;510;1010;19;49;99;0,0;23410,0;0,0;125,0;8838,0;0,03;1;5;1;5;;;;1;1;5;1;5;;;;;1;1;5;1;5;;;;;;1
GUROBI;p5;120;0,02;0;1,0;8838,0;8838,0;60;510;1010;60;510;1010;7885,80049;14477,0;7885,80049;8838,0;8838,0;0,0;20;6;;5;;7;9;;20;6;;5;;;7;9;;20;6;;5;;;;7;9;
CBC;p5;120;0,09;0;2;8838,0;8838,0;60;510;1010;60;510;1010;8834,392;8907,0;8834,392;;;;;;;;;;;;;;;;;;;;;;;;;;;;;;
CPLEX;p5;300;0,04;0;0,0;8838,0;8838,0;60;510;1010;19;49;99;0,0;23410,0;0,0;125,0;8838,0;0,03;1;5;1;5;;;;1;1;5;1;5;;;;;1;1;5;1;5;;;;;;1
GUROBI;p5;300;0,02;0;1,0;8838,0;8838,0;60;510;1010;60;510;1010;7885,80049;14477,0;7885,80049;8838,0;8838,0;0,0;20;6;;5;;7;9;;20;6;;5;;;7;9;;20;6;;5;;;;7;9;
CBC;p5;300;0,09;0;2;8838,0;8838,0;60;510;1010;60;510;1010;8834,392;8907,0;8834,392;;;;;;;;;;;;;;;;;;;;;;;;;;;;;;
CPLEX;p5;600;0,03;0;0,0;8838,0;8838,0;60;510;1010;19;49;99;0,0;23410,0;0,0;125,0;8838,0;0,03;1;5;1;5;;;;1;1;5;1;5;;;;;1;1;5;1;5;;;;;;1
GUROBI;p5;600;0,02;0;1,0;8838,0;8838,0;60;510;1010;60;510;1010;7885,80049;14477,0;7885,80049;8838,0;8838,0;0,0;20;6;;5;;7;9;;20;6;;5;;;7;9;;20;6;;5;;;;7;9;
CBC;p5;600;0,09;0;2;8838,0;8838,0;60;510;1010;60;510;1010;8834,392;8907,0;8834,392;;;;;;;;;;;;;;;;;;;;;;;;;;;;;;
CPLEX;p6;120;0,02;0;0,0;7777,0;7777,0;60;510;1010;60;510;1010;0,0;22096,0;0,0;95,0;7777,0;0,02;18;9;1;9;;;;9;18;9;1;9;;;;;9;18;9;1;9;;;;;;9
GUROBI;p6;120;0,01;0;1,0;7777,0;7777,0;60;510;1010;60;510;1010;6957,56049;13163,0;6957,56049;7777,0;7777,0;0,0;20;7;;4;;7;7;;20;7;;4;;;7;7;;20;7;;4;;;;7;7;
CBC;p6;120;0,05;0;0;7777,0;7777,0;60;510;1010;60;510;1010;;;;;;;;;;;;;;;;;;;;;;;;;;;;;;;;;
CPLEX;p6;300;0,02;0;0,0;7777,0;7777,0;60;510;1010;60;510;1010;0,0;22096,0;0,0;95,0;7777,0;0,02;18;9;1;9;;;;9;18;9;1;9;;;;;9;18;9;1;9;;;;;;9
GUROBI;p6;300;0,01;0;1,0;7777,0;7777,0;60;510;1010;60;510;1010;6957,56049;13163,0;6957,56049;7777,0;7777,0;0,0;20;7;;4;;7;7;;20;7;;4;;;7;7;;20;7;;4;;;;7;7;
CBC;p6;300;0,05;0;0;7777,0;7777,0;60;510;1010;60;510;1010;;;;;;;;;;;;;;;;;;;;;;;;;;;;;;;;;
CPLEX;p6;600;0,02;0;0,0;7777,0;7777,0;60;510;1010;60;510;1010;0,0;22096,0;0,0;95,0;7777,0;0,02;18;9;1;9;;;;9;18;9;1;9;;;;;9;18;9;1;9;;;;;;9
GUROBI;p6;600;0,01;0;1,0;7777,0;7777,0;60;510;1010;60;510;1010;6957,56049;13163,0;6957,56049;7777,0;7777,0;0,0;20;7;;4;;7;7;;20;7;;4;;;7;7;;20;7;;4;;;;7;7;
CBC;p6;600;0,05;0;0;7777,0;7777,0;60;510;1010;60;510;1010;;;;;;;;;;;;;;;;;;;;;;;;;;;;;;;;;
CPLEX;p7;120;0,04;0;0,0;9488,0;9488,0;60;510;1010;46;151;296;0,0;24096,0;0,0;9488,0;9488,0;0,04;17;11;2;4;3;6;;6;17;11;2;4;;3;6;;6;17;11;2;4;;;3;6;;6
GUROBI;p7;120;0,02;0;1,0;9488,0;9488,0;60;510;1010;60;510;1010;8413,56049;15163,0;8413,56049;9488,0;9488,0;0,0;23;4;;5;;3;6;;23;4;;5;;;3;6;;23;4;;5;;;;3;6;
CBC;p7;120;0,19;0;6;9488,0;9488,0;60;510;1010;60;510;1010;9481,0937;9893,0;9481,0937;;;;;;;;;;;;;;;;;;;;;;;;;;;;;;
CPLEX;p7;300;0,04;0;0,0;9488,0;9488,0;60;510;1010;46;151;296;0,0;24096,0;0,0;9488,0;9488,0;0,04;17;11;2;4;3;6;;6;17;11;2;4;;3;6;;6;17;11;2;4;;;3;6;;6
GUROBI;p7;300;0,02;0;1,0;9488,0;9488,0;60;510;1010;60;510;1010;8413,56049;15163,0;8413,56049;9488,0;9488,0;0,0;23;4;;5;;3;6;;23;4;;5;;;3;6;;23;4;;5;;;;3;6;
CBC;p7;300;0,18;0;6;9488,0;9488,0;60;510;1010;60;510;1010;9481,0937;9893,0;9481,0937;;;;;;;;;;;;;;;;;;;;;;;;;;;;;;
CPLEX;p7;600;0,04;0;0,0;9488,0;9488,0;60;510;1010;46;151;296;0,0;24096,0;0,0;9488,0;9488,0;0,04;17;11;2;4;3;6;;6;17;11;2;4;;3;6;;6;17;11;2;4;;;3;6;;6
GUROBI;p7;600;0,02;0;1,0;9488,0;9488,0;60;510;1010;60;510;1010;8413,56049;15163,0;8413,56049;9488,0;9488,0;0,0;23;4;;5;;3;6;;23;4;;5;;;3;6;;23;4;;5;;;;3;6;
CBC;p7;600;0,17;0;6;9488,0;9488,0;60;510;1010;60;510;1010;9481,0937;9893,0;9481,0937;;;;;;;;;;;;;;;;;;;;;;;;;;;;;;
CPLEX;p8;120;0,06;0;0,0;11088,0;11088,0;60;510;1010;40;132;257;0,0;26096,0;0,0;11088,0;11088,0;0,06;20;15;2;3;1;11;;7;20;15;2;3;;1;11;;7;20;15;2;3;;;1;11;;7
GUROBI;p8;120;0,04;0;1,0;11088,0;11088,0;60;510;1010;60;510;1010;9869,56049;17163,0;9869,56049;11088,0;11088,0;0,0;20;13;;4;;7;16;;20;13;;4;;;7;16;;20;13;;4;;;;7;16;
CBC;p8;120;0,47;0;2;11088,0;11088,0;60;510;1010;60;510;1010;11027,836;11123,0;11027,836;;;;;;;;;;;;;;;;;;;;;;;;;;;;;;
CPLEX;p8;300;0,06;0;0,0;11088,0;11088,0;60;510;1010;40;132;257;0,0;26096,0;0,0;11088,0;11088,0;0,06;20;15;2;3;1;11;;7;20;15;2;3;;1;11;;7;20;15;2;3;;;1;11;;7
GUROBI;p8;300;0,04;0;1,0;11088,0;11088,0;60;510;1010;60;510;1010;9869,56049;17163,0;9869,56049;11088,0;11088,0;0,0;20;13;;4;;7;16;;20;13;;4;;;7;16;;20;13;;4;;;;7;16;
CBC;p8;300;0,45;0;2;11088,0;11088,0;60;510;1010;60;510;1010;11027,836;11123,0;11027,836;;;;;;;;;;;;;;;;;;;;;;;;;;;;;;
CPLEX;p8;600;0,06;0;0,0;11088,0;11088,0;60;510;1010;40;132;257;0,0;26096,0;0,0;11088,0;11088,0;0,06;20;15;2;3;1;11;;7;20;15;2;3;;1;11;;7;20;15;2;3;;;1;11;;7
GUROBI;p8;600;0,04;0;1,0;11088,0;11088,0;60;510;1010;60;510;1010;9869,56049;17163,0;9869,56049;11088,0;11088,0;0,0;20;13;;4;;7;16;;20;13;;4;;;7;16;;20;13;;4;;;;7;16;
CBC;p8;600;0,46;0;2;11088,0;11088,0;60;510;1010;60;510;1010;11027,836;11123,0;11027,836;;;;;;;;;;;;;;;;;;;;;;;;;;;;;;
CPLEX;p9;120;0,03;0;0,0;8462,0;8462,0;60;510;1010;25;62;126;0,0;23792,0;0,0;8462,0;8462,0;0,03;10;3;;6;3;;;5;10;3;;6;1;3;;;5;10;3;;6;;1;3;;;5
GUROBI;p9;120;0,02;0;1,0;8462,0;8462,0;60;510;1010;60;510;1010;6825,17333;13778,0;6825,17333;8445,51515;8462,0;0,0;;1;;;;;;;;1;;;;;;;;;1;;;;;;;;
CBC;p9;120;0,05;0;0;8462,0;8462,0;60;510;1010;60;510;1010;;;;;;;;;;;;;;;;;;;;;;;;;;;;;;;;;
CPLEX;p9;300;0,03;0;0,0;8462,0;8462,0;60;510;1010;25;62;126;0,0;23792,0;0,0;8462,0;8462,0;0,03;10;3;;6;3;;;5;10;3;;6;1;3;;;5;10;3;;6;;1;3;;;5
GUROBI;p9;300;0,02;0;1,0;8462,0;8462,0;60;510;1010;60;510;1010;6825,17333;13778,0;6825,17333;8445,51515;8462,0;0,0;;1;;;;;;;;1;;;;;;;;;1;;;;;;;;
CBC;p9;300;0,06;0;0;8462,0;8462,0;60;510;1010;60;510;1010;;;;;;;;;;;;;;;;;;;;;;;;;;;;;;;;;
CPLEX;p9;600;0,03;0;0,0;8462,0;8462,0;60;510;1010;25;62;126;0,0;23792,0;0,0;8462,0;8462,0;0,03;10;3;;6;3;;;5;10;3;;6;1;3;;;5;10;3;;6;;1;3;;;5
GUROBI;p9;600;0,02;0;1,0;8462,0;8462,0;60;510;1010;60;510;1010;6825,17333;13778,0;6825,17333;8445,51515;8462,0;0,0;;1;;;;;;;;1;;;;;;;;;1;;;;;;;;
CBC;p9;600;0,06;0;0;8462,0;8462,0;60;510;1010;60;510;1010;;;;;;;;;;;;;;;;;;;;;;;;;;;;;;;;;
CPLEX;p10;120;0,02;0;0,0;7617,0;7617,0;60;510;1010;60;510;1010;0,0;22478,0;0,0;70,0;7617,0;0,02;40;9;;10;1;;;9;40;9;;10;;1;;;9;40;9;;10;;;1;;;9
GUROBI;p10;120;0,01;0;1,0;7617,0;7617,0;60;510;1010;60;510;1010;6182,0;12464,0;6182,0;7615,625;7617,0;0,0;38;11;;1;;1;8;;38;11;;1;;;1;8;;38;11;;1;;;;1;8;
CBC;p10;120;0,02;0;0;7617,0;7617,0;60;510;1010;60;510;1010;;;;;;;;;;;;;;;;;;;;;;;;;;;;;;;;;
CPLEX;p10;300;0,02;0;0,0;7617,0;7617,0;60;510;1010;60;510;1010;0,0;22478,0;0,0;70,0;7617,0;0,02;40;9;;10;1;;;9;40;9;;10;;1;;;9;40;9;;10;;;1;;;9
GUROBI;p10;300;0,01;0;1,0;7617,0;7617,0;60;510;1010;60;510;1010;6182,0;12464,0;6182,0;7615,625;7617,0;0,0;38;11;;1;;1;8;;38;11;;1;;;1;8;;38;11;;1;;;;1;8;
CBC;p10;300;0,03;0;0;7617,0;7617,0;60;510;1010;60;510;1010;;;;;;;;;;;;;;;;;;;;;;;;;;;;;;;;;
CPLEX;p10;600;0,02;0;0,0;7617,0;7617,0;60;510;1010;60;510;1010;0,0;22478,0;0,0;70,0;7617,0;0,02;40;9;;10;1;;;9;40;9;;10;;1;;;9;40;9;;10;;;1;;;9
GUROBI;p10;600;0,01;0;1,0;7617,0;7617,0;60;510;1010;60;510;1010;6182,0;12464,0;6182,0;7615,625;7617,0;0,0;38;11;;1;;1;8;;38;11;;1;;;1;8;;38;11;;1;;;;1;8;
CBC;p10;600;0,02;0;0;7617,0;7617,0;60;510;1010;60;510;1010;;;;;;;;;;;;;;;;;;;;;;;;;;;;;;;;;
CPLEX;p11;120;0,03;0;0,0;8932,0;8932,0;60;510;1010;60;510;1010;0,0;24478,0;0,0;8932,0;8932,0;0,03;38;8;1;7;;;;8;38;8;1;7;;;;;8;38;8;1;7;;;;;;8
GUROBI;p11;120;0,01;0;1,0;8932,0;8932,0;60;510;1010;60;510;1010;7152,66667;14464,0;7152,66667;8927,72727;8932,0;0,0;37;9;;1;;;9;;37;9;;1;;;;9;;37;9;;1;;;;;9;
CBC;p11;120;0,05;0;0;8932,0;8932,0;60;510;1010;60;510;1010;;;;;;;;;;;;;;;;;;;;;;;;;;;;;;;;;
CPLEX;p11;300;0,03;0;0,0;8932,0;8932,0;60;510;1010;60;510;1010;0,0;24478,0;0,0;8932,0;8932,0;0,03;38;8;1;7;;;;8;38;8;1;7;;;;;8;38;8;1;7;;;;;;8
GUROBI;p11;300;0,01;0;1,0;8932,0;8932,0;60;510;1010;60;510;1010;7152,66667;14464,0;7152,66667;8927,72727;8932,0;0,0;37;9;;1;;;9;;37;9;;1;;;;9;;37;9;;1;;;;;9;
CBC;p11;300;0,05;0;0;8932,0;8932,0;60;510;1010;60;510;1010;;;;;;;;;;;;;;;;;;;;;;;;;;;;;;;;;
CPLEX;p11;600;0,03;0;0,0;8932,0;8932,0;60;510;1010;60;510;1010;0,0;24478,0;0,0;8932,0;8932,0;0,03;38;8;1;7;;;;8;38;8;1;7;;;;;8;38;8;1;7;;;;;;8
GUROBI;p11;600;0,01;0;1,0;8932,0;8932,0;60;510;1010;60;510;1010;7152,66667;14464,0;7152,66667;8927,72727;8932,0;0,0;37;9;;1;;;9;;37;9;;1;;;;9;;37;9;;1;;;;;9;
CBC;p11;600;0,06;0;0;8932,0;8932,0;60;510;1010;60;510;1010;;;;;;;;;;;;;;;;;;;;;;;;;;;;;;;;;
CPLEX;p12;120;0,04;0;0,0;10132,0;10132,0;60;510;1010;31;101;199;0,0;26478,0;0,0;203,0;10132,0;0,04;31;6;1;6;5;3;;5;31;6;1;6;;5;3;;5;31;6;1;6;;;5;3;;5
GUROBI;p12;120;0,02;0;1,0;10132,0;10131,0;60;510;1010;60;510;1010;8123,33333;16464,0;8123,33333;10130,711;10132,0;0,0;22;6;;2;;4;6;;22;6;;2;;;4;6;;22;6;;2;;;;4;6;
CBC;p12;120;0,16;0;0;10132,0;10132,0;60;510;1010;60;510;1010;;;;;;;;;;;;;;;;;;;;;;;;;;;;;;;;;
CPLEX;p12;300;0,04;0;0,0;10132,0;10132,0;60;510;1010;31;101;199;0,0;26478,0;0,0;203,0;10132,0;0,04;31;6;1;6;5;3;;5;31;6;1;6;;5;3;;5;31;6;1;6;;;5;3;;5
GUROBI;p12;300;0,02;0;1,0;10132,0;10131,0;60;510;1010;60;510;1010;8123,33333;16464,0;8123,33333;10130,711;10132,0;0,0;22;6;;2;;4;6;;22;6;;2;;;4;6;;22;6;;2;;;;4;6;
CBC;p12;300;0,18;0;0;10132,0;10132,0;60;510;1010;60;510;1010;;;;;;;;;;;;;;;;;;;;;;;;;;;;;;;;;
CPLEX;p12;600;0,04;0;0,0;10132,0;10132,0;60;510;1010;31;101;199;0,0;26478,0;0,0;203,0;10132,0;0,04;31;6;1;6;5;3;;5;31;6;1;6;;5;3;;5;31;6;1;6;;;5;3;;5
GUROBI;p12;600;0,02;0;1,0;10132,0;10131,0;60;510;1010;60;510;1010;8123,33333;16464,0;8123,33333;10130,711;10132,0;0,0;22;6;;2;;4;6;;22;6;;2;;;4;6;;22;6;;2;;;;4;6;
CBC;p12;600;0,16;0;0;10132,0;10132,0;60;510;1010;60;510;1010;;;;;;;;;;;;;;;;;;;;;;;;;;;;;;;;;
CPLEX;p13;120;0,07;0;0,0;8252,0;8252,0;70;1020;2020;70;530;1040;0,0;29237,0;0,0;8252,0;8252,0;0,07;42;32;4;15;2;5;;23;42;32;4;15;2;2;5;;23;42;32;4;15;;2;2;5;;23
GUROBI;p13;120;0,05;0;1,0;8252,0;8252,0;70;1020;2020;70;1020;2020;6365,16609;15224,0;6365,16609;8252,0;8252,0;0,0;4;3;;3;;1;4;;4;3;;3;;;1;4;;4;3;;3;;;;1;4;
CBC;p13;120;0,25;0;6;8252,0;8252,0;70;1020;2020;70;1020;2020;8228,3556;8252,0;8228,3556;;;;;;;;;;;;;;;;;;;;;;;;;;;;;;
CPLEX;p13;300;0,07;0;0,0;8252,0;8252,0;70;1020;2020;70;530;1040;0,0;29237,0;0,0;8252,0;8252,0;0,07;42;32;4;15;2;5;;23;42;32;4;15;2;2;5;;23;42;32;4;15;;2;2;5;;23
GUROBI;p13;300;0,05;0;1,0;8252,0;8252,0;70;1020;2020;70;1020;2020;6365,16609;15224,0;6365,16609;8252,0;8252,0;0,0;4;3;;3;;1;4;;4;3;;3;;;1;4;;4;3;;3;;;;1;4;
CBC;p13;300;0,25;0;6;8252,0;8252,0;70;1020;2020;70;1020;2020;8228,3556;8252,0;8228,3556;;;;;;;;;;;;;;;;;;;;;;;;;;;;;;
CPLEX;p13;600;0,07;0;0,0;8252,0;8252,0;70;1020;2020;70;530;1040;0,0;29237,0;0,0;8252,0;8252,0;0,07;42;32;4;15;2;5;;23;42;32;4;15;2;2;5;;23;42;32;4;15;;2;2;5;;23
GUROBI;p13;600;0,05;0;1,0;8252,0;8252,0;70;1020;2020;70;1020;2020;6365,16609;15224,0;6365,16609;8252,0;8252,0;0,0;4;3;;3;;1;4;;4;3;;3;;;1;4;;4;3;;3;;;;1;4;
CBC;p13;600;0,24;0;6;8252,0;8252,0;70;1020;2020;70;1020;2020;8228,3556;8252,0;8228,3556;;;;;;;;;;;;;;;;;;;;;;;;;;;;;;
CPLEX;p14;120;0,04;0;0,0;7137,0;7137,0;70;1020;2020;70;1020;2020;0,0;26385,0;0,0;7137,0;7137,0;0,03;35;29;2;24;;2;;18;35;29;2;24;;;2;;18;35;29;2;24;;;;2;;18
GUROBI;p14;120;0,02;0;1,0;7137,0;7137,0;70;1020;2020;70;1020;2020;5371,06126;13923,0;5371,06126;7105,81643;7137,0;0,0;31;22;;;;10;13;;31;22;;;;;10;13;;31;22;;;;;;10;13;
CBC;p14;120;0,09;0;0;7137,0;7137,0;70;1020;2020;70;1020;2020;;;;;;;;;;;;;;;;;;;;;;;;;;;;;;;;;
CPLEX;p14;300;0,04;0;0,0;7137,0;7137,0;70;1020;2020;70;1020;2020;0,0;26385,0;0,0;7137,0;7137,0;0,03;35;29;2;24;;2;;18;35;29;2;24;;;2;;18;35;29;2;24;;;;2;;18
GUROBI;p14;300;0,02;0;1,0;7137,0;7137,0;70;1020;2020;70;1020;2020;5371,06126;13923,0;5371,06126;7105,81643;7137,0;0,0;31;22;;;;10;13;;31;22;;;;;10;13;;31;22;;;;;;10;13;
CBC;p14;300;0,09;0;0;7137,0;7137,0;70;1020;2020;70;1020;2020;;;;;;;;;;;;;;;;;;;;;;;;;;;;;;;;;
CPLEX;p14;600;0,04;0;0,0;7137,0;7137,0;70;1020;2020;70;1020;2020;0,0;26385,0;0,0;7137,0;7137,0;0,03;35;29;2;24;;2;;18;35;29;2;24;;;2;;18;35;29;2;24;;;;2;;18
GUROBI;p14;600;0,02;0;1,0;7137,0;7137,0;70;1020;2020;70;1020;2020;5371,06126;13923,0;5371,06126;7105,81643;7137,0;0,0;31;22;;;;10;13;;31;22;;;;;10;13;;31;22;;;;;;10;13;
CBC;p14;600;0,09;0;0;7137,0;7137,0;70;1020;2020;70;1020;2020;;;;;;;;;;;;;;;;;;;;;;;;;;;;;;;;;
CPLEX;p15;120;0,05;0;0,0;8808,0;8808,0;70;1020;2020;70;490;960;0,0;30385,0;0,0;291,0;8808,0;0,05;39;30;1;20;;1;;14;39;30;1;20;;;1;;14;39;30;1;20;;;;1;;14
GUROBI;p15;120;0,03;0;1,0;8808,0;8808,0;70;1020;2020;70;1020;2020;6827,1021;15923,0;6827,1021;8718,5493;8808,0;0,0;36;20;;;;9;13;;36;20;;;;;9;13;;36;20;;;;;;9;13;
CBC;p15;120;0,09;0;0;8808,0;8808,0;70;1020;2020;70;1020;2020;;;;;;;;;;;;;;;;;;;;;;;;;;;;;;;;;
CPLEX;p15;300;0,05;0;0,0;8808,0;8808,0;70;1020;2020;70;490;960;0,0;30385,0;0,0;291,0;8808,0;0,05;39;30;1;20;;1;;14;39;30;1;20;;;1;;14;39;30;1;20;;;;1;;14
GUROBI;p15;300;0,03;0;1,0;8808,0;8808,0;70;1020;2020;70;1020;2020;6827,1021;15923,0;6827,1021;8718,5493;8808,0;0,0;36;20;;;;9;13;;36;20;;;;;9;13;;36;20;;;;;;9;13;
CBC;p15;300;0,09;0;0;8808,0;8808,0;70;1020;2020;70;1020;2020;;;;;;;;;;;;;;;;;;;;;;;;;;;;;;;;;
CPLEX;p15;600;0,05;0;0,0;8808,0;8808,0;70;1020;2020;70;490;960;0,0;30385,0;0,0;291,0;8808,0;0,05;39;30;1;20;;1;;14;39;30;1;20;;;1;;14;39;30;1;20;;;;1;;14
GUROBI;p15;600;0,03;0;1,0;8808,0;8808,0;70;1020;2020;70;1020;2020;6827,1021;15923,0;6827,1021;8718,5493;8808,0;0,0;36;20;;;;9;13;;36;20;;;;;9;13;;36;20;;;;;;9;13;
CBC;p15;600;0,1;0;0;8808,0;8808,0;70;1020;2020;70;1020;2020;;;;;;;;;;;;;;;;;;;;;;;;;;;;;;;;;
CPLEX;p16;120;0,06;0;0,0;10408,0;10408,0;70;1020;2020;50;148;280;0,0;34385,0;0,0;358,0;10408,0;0,06;47;37;1;12;;6;;23;47;37;1;12;;;6;;23;47;37;1;12;;;;6;;23
GUROBI;p16;120;0,06;0;1,0;10408,0;10408,0;70;1020;2020;70;1020;2020;8283,14294;17923,0;8283,14294;10364,3768;10408,0;0,0;35;20;;2;1;7;10;;35;20;;2;;1;7;10;;35;20;;2;;;1;7;10;
CBC;p16;120;0,28;0;2;10408,0;10408,0;70;1020;2020;70;1020;2020;10382,18;10424,0;10382,18;;;;;;;;;;;;;;;;;;;;;;;;;;;;;;
CPLEX;p16;300;0,06;0;0,0;10408,0;10408,0;70;1020;2020;50;148;280;0,0;34385,0;0,0;358,0;10408,0;0,06;47;37;1;12;;6;;23;47;37;1;12;;;6;;23;47;37;1;12;;;;6;;23
GUROBI;p16;300;0,06;0;1,0;10408,0;10408,0;70;1020;2020;70;1020;2020;8283,14294;17923,0;8283,14294;10364,3768;10408,0;0,0;35;20;;2;1;7;10;;35;20;;2;;1;7;10;;35;20;;2;;;1;7;10;
CBC;p16;300;0,28;0;2;10408,0;10408,0;70;1020;2020;70;1020;2020;10382,18;10424,0;10382,18;;;;;;;;;;;;;;;;;;;;;;;;;;;;;;
CPLEX;p16;600;0,06;0;0,0;10408,0;10408,0;70;1020;2020;50;148;280;0,0;34385,0;0,0;358,0;10408,0;0,06;47;37;1;12;;6;;23;47;37;1;12;;;6;;23;47;37;1;12;;;;6;;23
GUROBI;p16;600;0,06;0;1,0;10408,0;10408,0;70;1020;2020;70;1020;2020;8283,14294;17923,0;8283,14294;10364,3768;10408,0;0,0;35;20;;2;1;7;10;;35;20;;2;;1;7;10;;35;20;;2;;;1;7;10;
CBC;p16;600;0,27;0;2;10408,0;10408,0;70;1020;2020;70;1020;2020;10382,18;10424,0;10382,18;;;;;;;;;;;;;;;;;;;;;;;;;;;;;;
CPLEX;p17;120;0,06;0;0,0;8227,0;8227,0;70;1020;2020;20;42;83;0,0;29237,0;0,0;274,0;8227,0;;14;12;1;6;1;1;;4;14;12;1;6;;1;1;;4;14;12;1;6;;;1;1;;4
GUROBI;p17;120;0,06;0;1,0;8227,0;8227,0;70;1020;2020;70;1020;2020;6354,755;15120,0;6354,755;8224,53665;8227,0;0,0;18;8;;1;1;2;5;;18;8;;1;;1;2;5;;18;8;;1;;;1;2;5;
CBC;p17;120;0,18;0;0;8227,0;8227,0;70;1020;2020;70;1020;2020;;;;;;;;;;;;;;;;;;;;;;;;;;;;;;;;;
CPLEX;p17;300;0,06;0;0,0;8227,0;8227,0;70;1020;2020;20;42;83;0,0;29237,0;0,0;274,0;8227,0;;14;12;1;6;1;1;;4;14;12;1;6;;1;1;;4;14;12;1;6;;;1;1;;4
GUROBI;p17;300;0,07;0;1,0;8227,0;8227,0;70;1020;2020;70;1020;2020;6354,755;15120,0;6354,755;8224,53665;8227,0;0,0;18;8;;1;1;2;5;;18;8;;1;;1;2;5;;18;8;;1;;;1;2;5;
CBC;p17;300;0,19;0;0;8227,0;8227,0;70;1020;2020;70;1020;2020;;;;;;;;;;;;;;;;;;;;;;;;;;;;;;;;;
CPLEX;p17;600;0,06;0;0,0;8227,0;8227,0;70;1020;2020;20;42;83;0,0;29237,0;0,0;274,0;8227,0;;14;12;1;6;1;1;;4;14;12;1;6;;1;1;;4;14;12;1;6;;;1;1;;4
GUROBI;p17;600;0,06;0;1,0;8227,0;8227,0;70;1020;2020;70;1020;2020;6354,755;15120,0;6354,755;8224,53665;8227,0;0,0;18;8;;1;1;2;5;;18;8;;1;;1;2;5;;18;8;;1;;;1;2;5;
CBC;p17;600;0,19;0;0;8227,0;8227,0;70;1020;2020;70;1020;2020;;;;;;;;;;;;;;;;;;;;;;;;;;;;;;;;;
CPLEX;p18;120;0,04;0;0,0;7125,0;7125,0;70;1020;2020;70;1020;2020;0,0;26385,0;0,0;7125,0;7125,0;0,03;41;31;2;23;;1;;24;41;31;2;23;;;1;;24;41;31;2;23;;;;1;;24
GUROBI;p18;120;0,04;0;1,0;7125,0;7125,0;70;1020;2020;70;1020;2020;5321,25;13753,0;5321,25;7125,0;7125,0;0,0;33;22;;4;;7;15;;33;22;;4;;;7;15;;33;22;;4;;;;7;15;
CBC;p18;120;0,09;0;0;7125,0;7125,0;70;1020;2020;70;1020;2020;;;;;;;;;;;;;;;;;;;;;;;;;;;;;;;;;
CPLEX;p18;300;0,04;0;0,0;7125,0;7125,0;70;1020;2020;70;1020;2020;0,0;26385,0;0,0;7125,0;7125,0;0,03;41;31;2;23;;1;;24;41;31;2;23;;;1;;24;41;31;2;23;;;;1;;24
GUROBI;p18;300;0,04;0;1,0;7125,0;7125,0;70;1020;2020;70;1020;2020;5321,25;13753,0;5321,25;7125,0;7125,0;0,0;33;22;;4;;7;15;;33;22;;4;;;7;15;;33;22;;4;;;;7;15;
CBC;p18;300;0,09;0;0;7125,0;7125,0;70;1020;2020;70;1020;2020;;;;;;;;;;;;;;;;;;;;;;;;;;;;;;;;;
CPLEX;p18;600;0,04;0;0,0;7125,0;7125,0;70;1020;2020;70;1020;2020;0,0;26385,0;0,0;7125,0;7125,0;0,03;41;31;2;23;;1;;24;41;31;2;23;;;1;;24;41;31;2;23;;;;1;;24
GUROBI;p18;600;0,04;0;1,0;7125,0;7125,0;70;1020;2020;70;1020;2020;5321,25;13753,0;5321,25;7125,0;7125,0;0,0;33;22;;4;;7;15;;33;22;;4;;;7;15;;33;22;;4;;;;7;15;
CBC;p18;600;0,09;0;0;7125,0;7125,0;70;1020;2020;70;1020;2020;;;;;;;;;;;;;;;;;;;;;;;;;;;;;;;;;
CPLEX;p19;120;0,1;0;0,0;8886,0;8886,0;70;1020;2020;69;368;716;0,0;30385,0;0,0;8886,0;8886,0;0,1;40;41;3;15;2;8;;23;40;41;3;15;;2;8;;23;40;41;3;15;;;2;8;;23
GUROBI;p19;120;0,08;0;1,0;8886,0;8886,0;70;1020;2020;70;1020;2020;6748,75;15953,0;6748,75;8886,0;8886,0;0,0;24;18;;1;2;6;9;;24;18;;1;;2;6;9;;24;18;;1;;;2;6;9;
CBC;p19;120;0,46;0;36;8886,0;8886,0;70;1020;2020;70;1020;2020;8856,193;9243,0;8856,193;;;;;;;;;;;;;;;;;;;;;;;;;;;;;;
CPLEX;p19;300;0,11;0;0,0;8886,0;8886,0;70;1020;2020;69;368;716;0,0;30385,0;0,0;8886,0;8886,0;0,1;40;41;3;15;2;8;;23;40;41;3;15;;2;8;;23;40;41;3;15;;;2;8;;23
GUROBI;p19;300;0,09;0;1,0;8886,0;8886,0;70;1020;2020;70;1020;2020;6748,75;15953,0;6748,75;8886,0;8886,0;0,0;24;18;;1;2;6;9;;24;18;;1;;2;6;9;;24;18;;1;;;2;6;9;
CBC;p19;300;0,45;0;36;8886,0;8886,0;70;1020;2020;70;1020;2020;8856,193;9243,0;8856,193;;;;;;;;;;;;;;;;;;;;;;;;;;;;;;
CPLEX;p19;600;0,1;0;0,0;8886,0;8886,0;70;1020;2020;69;368;716;0,0;30385,0;0,0;8886,0;8886,0;0,1;40;41;3;15;2;8;;23;40;41;3;15;;2;8;;23;40;41;3;15;;;2;8;;23
GUROBI;p19;600;0,08;0;1,0;8886,0;8886,0;70;1020;2020;70;1020;2020;6748,75;15953,0;6748,75;8886,0;8886,0;0,0;24;18;;1;2;6;9;;24;18;;1;;2;6;9;;24;18;;1;;;2;6;9;
CBC;p19;600;0,44;0;36;8886,0;8886,0;70;1020;2020;70;1020;2020;8856,193;9243,0;8856,193;;;;;;;;;;;;;;;;;;;;;;;;;;;;;;
CPLEX;p20;120;0,09;0;0,0;10486,0;10486,0;70;1020;2020;70;1020;2020;0,0;34385,0;0,0;10486,0;10486,0;0,08;43;46;1;14;;8;;22;43;46;1;14;;;8;;22;43;46;1;14;;;;8;;22
GUROBI;p20;120;0,12;0;1,0;10486,0;10486,0;70;1020;2020;70;1020;2020;8176,25;18153,0;8176,25;10486,0;10486,0;0,0;12;6;;2;;6;3;;12;6;;2;;;6;3;;12;6;;2;;;;6;3;
CBC;p20;120;0,44;0;2;10486,0;10486,0;70;1020;2020;70;1020;2020;10463,893;10487,0;10463,893;;;;;;;;;;;;;;;;;;;;;;;;;;;;;;
CPLEX;p20;300;0,09;0;0,0;10486,0;10486,0;70;1020;2020;70;1020;2020;0,0;34385,0;0,0;10486,0;10486,0;0,08;43;46;1;14;;8;;22;43;46;1;14;;;8;;22;43;46;1;14;;;;8;;22
GUROBI;p20;300;0,12;0;1,0;10486,0;10486,0;70;1020;2020;70;1020;2020;8176,25;18153,0;8176,25;10486,0;10486,0;0,0;12;6;;2;;6;3;;12;6;;2;;;6;3;;12;6;;2;;;;6;3;
CBC;p20;300;0,44;0;2;10486,0;10486,0;70;1020;2020;70;1020;2020;10463,893;10487,0;10463,893;;;;;;;;;;;;;;;;;;;;;;;;;;;;;;
CPLEX;p20;600;0,09;0;0,0;10486,0;10486,0;70;1020;2020;70;1020;2020;0,0;34385,0;0,0;10486,0;10486,0;0,08;43;46;1;14;;8;;22;43;46;1;14;;;8;;22;43;46;1;14;;;;8;;22
GUROBI;p20;600;0,13;0;1,0;10486,0;10486,0;70;1020;2020;70;1020;2020;8176,25;18153,0;8176,25;10486,0;10486,0;0,0;12;6;;2;;6;3;;12;6;;2;;;6;3;;12;6;;2;;;;6;3;
CBC;p20;600;0,45;0;2;10486,0;10486,0;70;1020;2020;70;1020;2020;10463,893;10487,0;10463,893;;;;;;;;;;;;;;;;;;;;;;;;;;;;;;
CPLEX;p21;120;0,04;0;0,0;8068,0;8068,0;70;1020;2020;70;1020;2020;0,0;29237,0;0,0;8068,0;8068,0;0,03;49;29;;20;;4;;21;49;29;;20;;;4;;21;49;29;;20;;;;4;;21
GUROBI;p21;120;0,03;0;1,0;8068,0;8068,0;70;1020;2020;70;1020;2020;5726,364;14633,0;5726,364;8028,06774;8068,0;0,0;31;21;;;;4;17;;31;21;;;;;4;17;;31;21;;;;;;4;17;
CBC;p21;120;0,1;0;0;8068,0;8068,0;70;1020;2020;70;1020;2020;;;;;;;;;;;;;;;;;;;;;;;;;;;;;;;;;
CPLEX;p21;300;0,04;0;0,0;8068,0;8068,0;70;1020;2020;70;1020;2020;0,0;29237,0;0,0;8068,0;8068,0;0,03;49;29;;20;;4;;21;49;29;;20;;;4;;21;49;29;;20;;;;4;;21
GUROBI;p21;300;0,03;0;1,0;8068,0;8068,0;70;1020;2020;70;1020;2020;5726,364;14633,0;5726,364;8028,06774;8068,0;0,0;31;21;;;;4;17;;31;21;;;;;4;17;;31;21;;;;;;4;17;
CBC;p21;300;0,1;0;0;8068,0;8068,0;70;1020;2020;70;1020;2020;;;;;;;;;;;;;;;;;;;;;;;;;;;;;;;;;
CPLEX;p21;600;0,04;0;0,0;8068,0;8068,0;70;1020;2020;70;1020;2020;0,0;29237,0;0,0;8068,0;8068,0;0,04;49;29;;20;;4;;21;49;29;;20;;;4;;21;49;29;;20;;;;4;;21
GUROBI;p21;600;0,03;0;1,0;8068,0;8068,0;70;1020;2020;70;1020;2020;5726,364;14633,0;5726,364;8028,06774;8068,0;0,0;31;21;;;;4;17;;31;21;;;;;4;17;;31;21;;;;;;4;17;
CBC;p21;600;0,1;0;0;8068,0;8068,0;70;1020;2020;70;1020;2020;;;;;;;;;;;;;;;;;;;;;;;;;;;;;;;;;
CPLEX;p22;120;0,04;0;0,0;7092,0;7092,0;70;1020;2020;70;1020;2020;0,0;26385,0;0,0;7092,0;7092,0;0,03;46;28;;22;;2;;22;46;28;;22;;;2;;22;46;28;;22;;;;2;;22
GUROBI;p22;120;0,03;0;1,0;7092,0;7092,0;70;1020;2020;70;1020;2020;4893,0;13391,0;4893,0;7092,0;7092,0;0,0;34;19;;;;4;16;;34;19;;;;;4;16;;34;19;;;;;;4;16;
CBC;p22;120;0,08;0;0;7092,0;7092,0;70;1020;2020;70;1020;2020;;;;;;;;;;;;;;;;;;;;;;;;;;;;;;;;;
CPLEX;p22;300;0,04;0;0,0;7092,0;7092,0;70;1020;2020;70;1020;2020;0,0;26385,0;0,0;7092,0;7092,0;0,03;46;28;;22;;2;;22;46;28;;22;;;2;;22;46;28;;22;;;;2;;22
GUROBI;p22;300;0,03;0;1,0;7092,0;7092,0;70;1020;2020;70;1020;2020;4893,0;13391,0;4893,0;7092,0;7092,0;0,0;34;19;;;;4;16;;34;19;;;;;4;16;;34;19;;;;;;4;16;
CBC;p22;300;0,08;0;0;7092,0;7092,0;70;1020;2020;70;1020;2020;;;;;;;;;;;;;;;;;;;;;;;;;;;;;;;;;
CPLEX;p22;600;0,04;0;0,0;7092,0;7092,0;70;1020;2020;70;1020;2020;0,0;26385,0;0,0;7092,0;7092,0;0,03;46;28;;22;;2;;22;46;28;;22;;;2;;22;46;28;;22;;;;2;;22
GUROBI;p22;600;0,03;0;1,0;7092,0;7092,0;70;1020;2020;70;1020;2020;4893,0;13391,0;4893,0;7092,0;7092,0;0,0;34;19;;;;4;16;;34;19;;;;;4;16;;34;19;;;;;;4;16;
CBC;p22;600;0,08;0;0;7092,0;7092,0;70;1020;2020;70;1020;2020;;;;;;;;;;;;;;;;;;;;;;;;;;;;;;;;;
CPLEX;p23;120;0,06;0;0,0;8746,0;8746,0;70;1020;2020;26;66;122;0,0;30385,0;0,0;221,0;8746,0;0,06;21;25;;10;;2;;12;21;25;;10;;;2;;12;21;25;;10;;;;2;;12
GUROBI;p23;120;0,06;0;1,0;8746,0;8746,0;70;1020;2020;70;1020;2020;6035,0;15391,0;6035,0;8746,0;8746,0;0,0;32;23;;6;;3;19;;32;23;;6;;;3;19;;32;23;;6;;;;3;19;
CBC;p23;120;0,13;0;0;8746,0;8746,0;70;1020;2020;70;1020;2020;;;;;;;;;;;;;;;;;;;;;;;;;;;;;;;;;
CPLEX;p23;300;0,06;0;0,0;8746,0;8746,0;70;1020;2020;26;66;122;0,0;30385,0;0,0;221,0;8746,0;0,06;21;25;;10;;2;;12;21;25;;10;;;2;;12;21;25;;10;;;;2;;12
GUROBI;p23;300;0,06;0;1,0;8746,0;8746,0;70;1020;2020;70;1020;2020;6035,0;15391,0;6035,0;8746,0;8746,0;0,0;32;23;;6;;3;19;;32;23;;6;;;3;19;;32;23;;6;;;;3;19;
CBC;p23;300;0,13;0;0;8746,0;8746,0;70;1020;2020;70;1020;2020;;;;;;;;;;;;;;;;;;;;;;;;;;;;;;;;;
CPLEX;p23;600;0,06;0;0,0;8746,0;8746,0;70;1020;2020;26;66;122;0,0;30385,0;0,0;221,0;8746,0;0,06;21;25;;10;;2;;12;21;25;;10;;;2;;12;21;25;;10;;;;2;;12
GUROBI;p23;600;0,06;0;1,0;8746,0;8746,0;70;1020;2020;70;1020;2020;6035,0;15391,0;6035,0;8746,0;8746,0;0,0;32;23;;6;;3;19;;32;23;;6;;;3;19;;32;23;;6;;;;3;19;
CBC;p23;600;0,13;0;0;8746,0;8746,0;70;1020;2020;70;1020;2020;;;;;;;;;;;;;;;;;;;;;;;;;;;;;;;;;
CPLEX;p24;120;0,08;0;0,0;10273,0;10273,0;70;1020;2020;67;300;580;0,0;34385,0;0,0;10273,0;10273,0;0,08;60;48;2;17;3;8;;20;60;48;2;17;1;3;8;;20;60;48;2;17;;1;3;8;;20
GUROBI;p24;120;0,13;0;1,0;10273,0;10273,0;70;1020;2020;70;1020;2020;7177,0;17391,0;7177,0;10263,1319;10273,0;0,0;16;12;;5;1;4;4;;16;12;;5;;1;4;4;;16;12;;5;;;1;4;4;
CBC;p24;120;0,31;0;3;10273,0;10273,0;70;1020;2020;70;1020;2020;10252,365;11573,0;10252,365;;;;;;;;;;;;;;;;;;;;;;;;;;;;;;
CPLEX;p24;300;0,08;0;0,0;10273,0;10273,0;70;1020;2020;67;300;580;0,0;34385,0;0,0;10273,0;10273,0;0,08;60;48;2;17;3;8;;20;60;48;2;17;1;3;8;;20;60;48;2;17;;1;3;8;;20
GUROBI;p24;300;0,13;0;1,0;10273,0;10273,0;70;1020;2020;70;1020;2020;7177,0;17391,0;7177,0;10263,1319;10273,0;0,0;16;12;;5;1;4;4;;16;12;;5;;1;4;4;;16;12;;5;;;1;4;4;
CBC;p24;300;0,32;0;3;10273,0;10273,0;70;1020;2020;70;1020;2020;10252,365;11573,0;10252,365;;;;;;;;;;;;;;;;;;;;;;;;;;;;;;
CPLEX;p24;600;0,08;0;0,0;10273,0;10273,0;70;1020;2020;67;300;580;0,0;34385,0;0,0;10273,0;10273,0;0,08;60;48;2;17;3;8;;20;60;48;2;17;1;3;8;;20;60;48;2;17;;1;3;8;;20
GUROBI;p24;600;0,13;0;1,0;10273,0;10273,0;70;1020;2020;70;1020;2020;7177,0;17391,0;7177,0;10263,1319;10273,0;0,0;16;12;;5;1;4;4;;16;12;;5;;1;4;4;;16;12;;5;;;1;4;4;
CBC;p24;600;0,32;0;3;10273,0;10273,0;70;1020;2020;70;1020;2020;10252,365;11573,0;10252,365;;;;;;;;;;;;;;;;;;;;;;;;;;;;;;
CPLEX;p25;120;0,32;0;0,0;11630,0;11628,908772;180;4530;9030;96;404;801;0,0;107919,0;0,0;11628,908772;11630,0;;58;20;2;16;1;7;;17;58;20;2;16;2;1;7;;17;58;20;2;16;;2;1;7;;17
GUROBI;p25;120;0,32;0;1,0;11630,0;11630,0;180;4530;9030;180;4530;9030;10731,876;46099,0;10731,876;11630,0;11630,0;0,0;3;4;;5;;7;1;;3;4;;5;;;7;1;;3;4;;5;;;;7;1;
CBC;p25;120;4,2;0;1848;11630,0;11630,0;180;4530;9030;180;4530;9030;11568,496;12182,0;11568,496;;;;;;;;;;;;;;;;;;;;;;;;;;;;;;
CPLEX;p25;300;0,32;0;0,0;11630,0;11628,908772;180;4530;9030;96;404;801;0,0;107919,0;0,0;11628,908772;11630,0;;58;20;2;16;1;7;;17;58;20;2;16;2;1;7;;17;58;20;2;16;;2;1;7;;17
GUROBI;p25;300;0,32;0;1,0;11630,0;11630,0;180;4530;9030;180;4530;9030;10731,876;46099,0;10731,876;11630,0;11630,0;0,0;3;4;;5;;7;1;;3;4;;5;;;7;1;;3;4;;5;;;;7;1;
CBC;p25;300;4,19;0;1848;11630,0;11630,0;180;4530;9030;180;4530;9030;11568,496;12182,0;11568,496;;;;;;;;;;;;;;;;;;;;;;;;;;;;;;
CPLEX;p25;600;0,32;0;0,0;11630,0;11628,908772;180;4530;9030;96;404;801;0,0;107919,0;0,0;11628,908772;11630,0;;58;20;2;16;1;7;;17;58;20;2;16;2;1;7;;17;58;20;2;16;;2;1;7;;17
GUROBI;p25;600;0,32;0;1,0;11630,0;11630,0;180;4530;9030;180;4530;9030;10731,876;46099,0;10731,876;11630,0;11630,0;0,0;3;4;;5;;7;1;;3;4;;5;;;7;1;;3;4;;5;;;;7;1;
CBC;p25;600;4,15;0;1848;11630,0;11630,0;180;4530;9030;180;4530;9030;11568,496;12182,0;11568,496;;;;;;;;;;;;;;;;;;;;;;;;;;;;;;
CPLEX;p26;120;0,23;0;0,0;10771,0;10770,0;180;4530;9030;82;326;650;0,0;104528,0;0,0;10747,9081;10771,0;;44;7;2;10;1;3;;6;44;7;2;10;;1;3;;6;44;7;2;10;;;1;3;;6
GUROBI;p26;120;0,21;0;18,0;10771,0;10771,0;180;4530;9030;180;4530;9030;10021,3358;43523,0;10021,3358;10759,3929;10771,0;0,0;2;6;;3;1;8;6;1;2;6;;3;;1;8;6;1;2;6;;3;;;1;8;6;1
CBC;p26;120;0,62;0;22;10771,0;10771,0;180;4530;9030;180;4530;9030;10723,067;11004,0;10723,067;;;;;;;;;;;;;;;;;;;;;;;;;;;;;;
CPLEX;p26;300;0,23;0;0,0;10771,0;10770,0;180;4530;9030;82;326;650;0,0;104528,0;0,0;10747,9081;10771,0;;44;7;2;10;1;3;;6;44;7;2;10;;1;3;;6;44;7;2;10;;;1;3;;6
GUROBI;p26;300;0,21;0;18,0;10771,0;10771,0;180;4530;9030;180;4530;9030;10021,3358;43523,0;10021,3358;10759,3929;10771,0;0,0;2;6;;3;1;8;6;1;2;6;;3;;1;8;6;1;2;6;;3;;;1;8;6;1
CBC;p26;300;0,62;0;22;10771,0;10771,0;180;4530;9030;180;4530;9030;10723,067;11004,0;10723,067;;;;;;;;;;;;;;;;;;;;;;;;;;;;;;
CPLEX;p26;600;0,23;0;0,0;10771,0;10770,0;180;4530;9030;82;326;650;0,0;104528,0;0,0;10747,9081;10771,0;;44;7;2;10;1;3;;6;44;7;2;10;;1;3;;6;44;7;2;10;;;1;3;;6
GUROBI;p26;600;0,21;0;18,0;10771,0;10771,0;180;4530;9030;180;4530;9030;10021,3358;43523,0;10021,3358;10759,3929;10771,0;0,0;2;6;;3;1;8;6;1;2;6;;3;;1;8;6;1;2;6;;3;;;1;8;6;1
CBC;p26;600;0,62;0;22;10771,0;10771,0;180;4530;9030;180;4530;9030;10723,067;11004,0;10723,067;;;;;;;;;;;;;;;;;;;;;;;;;;;;;;
CPLEX;p27;120;0,51;0;182,0;12322,0;12320,913313;180;4530;9030;180;2844;5659;0,0;110528,0;0,0;12312,0636;12327,0;0,44;125;101;3;7;;12;;29;125;101;3;7;1;;12;;29;125;101;3;7;;1;;12;;29
GUROBI;p27;120;0,39;0;77,0;12322,0;12322,0;180;4530;9030;180;4530;9030;11347,8848;47523,0;11347,8848;12302,2731;12322,0;0,0;51;17;;7;;7;7;;51;17;;7;;;7;7;;51;17;;7;;;;7;7;
CBC;p27;120;1,74;0;234;12322,0;12322,0;180;4530;9030;180;4530;9030;12185,477;12399,0;12185,477;;;;;;;;;;;;;;;;;;;;;;;;;;;;;;
CPLEX;p27;300;0,51;0;182,0;12322,0;12320,913313;180;4530;9030;180;2844;5659;0,0;110528,0;0,0;12312,0636;12327,0;0,44;125;101;3;7;;12;;29;125;101;3;7;1;;12;;29;125;101;3;7;;1;;12;;29
GUROBI;p27;300;0,4;0;77,0;12322,0;12322,0;180;4530;9030;180;4530;9030;11347,8848;47523,0;11347,8848;12302,2731;12322,0;0,0;51;17;;7;;7;7;;51;17;;7;;;7;7;;51;17;;7;;;;7;7;
CBC;p27;300;1,75;0;234;12322,0;12322,0;180;4530;9030;180;4530;9030;12185,477;12399,0;12185,477;;;;;;;;;;;;;;;;;;;;;;;;;;;;;;
CPLEX;p27;600;0,51;0;182,0;12322,0;12320,913313;180;4530;9030;180;2844;5659;0,0;110528,0;0,0;12312,0636;12327,0;0,44;125;101;3;7;;12;;29;125;101;3;7;1;;12;;29;125;101;3;7;;1;;12;;29
GUROBI;p27;600;0,39;0;77,0;12322,0;12322,0;180;4530;9030;180;4530;9030;11347,8848;47523,0;11347,8848;12302,2731;12322,0;0,0;51;17;;7;;7;7;;51;17;;7;;;7;7;;51;17;;7;;;;7;7;
CBC;p27;600;1,73;0;234;12322,0;12322,0;180;4530;9030;180;4530;9030;12185,477;12399,0;12185,477;;;;;;;;;;;;;;;;;;;;;;;;;;;;;;
CPLEX;p28;120;0,39;0;0,0;13722,0;13720,825;180;4530;9030;149;880;1744;0,0;116528,0;0,0;13720,825;13722,0;;94;27;;9;1;8;;10;94;27;;9;;1;8;;10;94;27;;9;;;1;8;;10
GUROBI;p28;120;0,46;0;1,0;13722,0;13722,0;180;4530;9030;180;4530;9030;12653,685;51523,0;12653,685;13720,0;13722,0;0,0;;2;;1;;3;3;1;;2;;1;;;3;3;1;;2;;1;;;;3;3;1
CBC;p28;120;4,82;0;2130;13722,0;13722,0;180;4530;9030;180;4530;9030;13581,648;14095,0;13581,648;;;;;;;;;;;;;;;;;;;;;;;;;;;;;;
CPLEX;p28;300;0,4;0;0,0;13722,0;13720,825;180;4530;9030;149;880;1744;0,0;116528,0;0,0;13720,825;13722,0;;94;27;;9;1;8;;10;94;27;;9;;1;8;;10;94;27;;9;;;1;8;;10
GUROBI;p28;300;0,46;0;1,0;13722,0;13722,0;180;4530;9030;180;4530;9030;12653,685;51523,0;12653,685;13720,0;13722,0;0,0;;2;;1;;3;3;1;;2;;1;;;3;3;1;;2;;1;;;;3;3;1
CBC;p28;300;4,85;0;2130;13722,0;13722,0;180;4530;9030;180;4530;9030;13581,648;14095,0;13581,648;;;;;;;;;;;;;;;;;;;;;;;;;;;;;;
CPLEX;p28;600;0,4;0;0,0;13722,0;13720,825;180;4530;9030;149;880;1744;0,0;116528,0;0,0;13720,825;13722,0;;94;27;;9;1;8;;10;94;27;;9;;1;8;;10;94;27;;9;;;1;8;;10
GUROBI;p28;600;0,46;0;1,0;13722,0;13722,0;180;4530;9030;180;4530;9030;12653,685;51523,0;12653,685;13720,0;13722,0;0,0;;2;;1;;3;3;1;;2;;1;;;3;3;1;;2;;1;;;;3;3;1
CBC;p28;600;4,84;0;2130;13722,0;13722,0;180;4530;9030;180;4530;9030;13581,648;14095,0;13581,648;;;;;;;;;;;;;;;;;;;;;;;;;;;;;;
CPLEX;p29;120;0,6;0;503,0;12371,0;12369,770833;180;4530;9030;175;1840;3654;0,0;107919,0;0,0;12328,6897;12561,0;0,49;92;187;4;9;;23;;26;92;187;4;9;;;23;;26;92;187;4;9;;;;23;;26
GUROBI;p29;120;0,49;0;671,0;12371,0;12370,0;180;4530;9030;180;4530;9030;11720,9567;48801,0;11720,9567;12346,6385;12371,0;0,0;52;32;;3;;24;10;3;52;32;;3;;;24;10;3;52;32;;3;;;;24;10;3
CBC;p29;120;36,75;0;22070;12371,0;12371,0;180;4530;9030;180;4530;9030;12307,053;14985,0;12307,053;;;;;;;;;;;;;;;;;;;;;;;;;;;;;;
CPLEX;p29;300;0,6;0;503,0;12371,0;12369,770833;180;4530;9030;175;1840;3654;0,0;107919,0;0,0;12328,6897;12561,0;0,5;92;187;4;9;;23;;26;92;187;4;9;;;23;;26;92;187;4;9;;;;23;;26
GUROBI;p29;300;0,5;0;671,0;12371,0;12370,0;180;4530;9030;180;4530;9030;11720,9567;48801,0;11720,9567;12346,6385;12371,0;0,0;52;32;;3;;24;10;3;52;32;;3;;;24;10;3;52;32;;3;;;;24;10;3
CBC;p29;300;36,71;0;22070;12371,0;12371,0;180;4530;9030;180;4530;9030;12307,053;14985,0;12307,053;;;;;;;;;;;;;;;;;;;;;;;;;;;;;;
CPLEX;p29;600;0,6;0;503,0;12371,0;12369,770833;180;4530;9030;175;1840;3654;0,0;107919,0;0,0;12328,6897;12561,0;0,49;92;187;4;9;;23;;26;92;187;4;9;;;23;;26;92;187;4;9;;;;23;;26
GUROBI;p29;600;0,49;0;671,0;12371,0;12370,0;180;4530;9030;180;4530;9030;11720,9567;48801,0;11720,9567;12346,6385;12371,0;0,0;52;32;;3;;24;10;3;52;32;;3;;;24;10;3;52;32;;3;;;;24;10;3
CBC;p29;600;36,73;0;22070;12371,0;12371,0;180;4530;9030;180;4530;9030;12307,053;14985,0;12307,053;;;;;;;;;;;;;;;;;;;;;;;;;;;;;;
CPLEX;p30;120;2,09;0;10720,0;11331,0;11329,883838;180;4530;9030;163;1464;2904;0,0;104528,0;0,0;11135,887;11392,0;0,49;68;261;1;7;;14;;15;68;261;1;7;;;14;;15;68;261;1;7;;;;14;;15
GUROBI;p30;120;1,06;0;3499,0;11331,0;11331,0;180;4530;9030;180;4530;9030;10859,4138;45884,0;10859,4138;11174,6575;11331,0;0,0;87;54;4;26;;17;18;;87;54;4;26;;;17;18;;87;54;4;26;;;;17;18;
CBC;p30;120;61,1;0;19359;11331,0;11331,0;180;4530;9030;180;4530;9030;11143,934;11737,0;11143,934;;;;;;;;;;;;;;;;;;;;;;;;;;;;;;
CPLEX;p30;300;2,06;0;10720,0;11331,0;11329,883838;180;4530;9030;163;1464;2904;0,0;104528,0;0,0;11135,887;11392,0;0,49;68;261;1;7;;14;;15;68;261;1;7;;;14;;15;68;261;1;7;;;;14;;15
GUROBI;p30;300;1,09;0;3499,0;11331,0;11331,0;180;4530;9030;180;4530;9030;10859,4138;45884,0;10859,4138;11174,6575;11331,0;0,0;87;54;4;26;;17;18;;87;54;4;26;;;17;18;;87;54;4;26;;;;17;18;
CBC;p30;300;60,84;0;19359;11331,0;11331,0;180;4530;9030;180;4530;9030;11143,934;11737,0;11143,934;;;;;;;;;;;;;;;;;;;;;;;;;;;;;;
CPLEX;p30;600;2,08;0;10720,0;11331,0;11329,883838;180;4530;9030;163;1464;2904;0,0;104528,0;0,0;11135,887;11392,0;0,49;68;261;1;7;;14;;15;68;261;1;7;;;14;;15;68;261;1;7;;;;14;;15
GUROBI;p30;600;1,07;0;3499,0;11331,0;11331,0;180;4530;9030;180;4530;9030;10859,4138;45884,0;10859,4138;11174,6575;11331,0;0,0;87;54;4;26;;17;18;;87;54;4;26;;;17;18;;87;54;4;26;;;;17;18;
CBC;p30;600;60,83;0;19359;11331,0;11331,0;180;4530;9030;180;4530;9030;11143,934;11737,0;11143,934;;;;;;;;;;;;;;;;;;;;;;;;;;;;;;
CPLEX;p31;120;2,16;0;6610,0;13331,0;13329,669709;180;4530;9030;147;1046;2076;0,0;110528,0;0,0;13172,7544;13375,0;0,66;63;145;;5;;27;;21;63;145;;5;;;27;;21;63;145;;5;;;;27;;21
GUROBI;p31;120;0,88;0;7568,0;13331,0;13330,0;180;4530;9030;180;4530;9030;12839,4138;50284,0;12839,4138;13096,045;13358,0;0,0;105;68;;;;13;36;1;105;68;;;;;13;36;1;105;68;;;;;;13;36;1
CBC;p31;120;18,05;0;10807;13331,0;13331,0;180;4530;9030;180;4530;9030;13123,567;14098,0;13123,567;;;;;;;;;;;;;;;;;;;;;;;;;;;;;;
CPLEX;p31;300;2,16;0;6610,0;13331,0;13329,669709;180;4530;9030;147;1046;2076;0,0;110528,0;0,0;13172,7544;13375,0;0,67;63;145;;5;;27;;21;63;145;;5;;;27;;21;63;145;;5;;;;27;;21
GUROBI;p31;300;0,89;0;7568,0;13331,0;13330,0;180;4530;9030;180;4530;9030;12839,4138;50284,0;12839,4138;13096,045;13358,0;0,0;105;68;;;;13;36;1;105;68;;;;;13;36;1;105;68;;;;;;13;36;1
CBC;p31;300;17,99;0;10807;13331,0;13331,0;180;4530;9030;180;4530;9030;13123,567;14098,0;13123,567;;;;;;;;;;;;;;;;;;;;;;;;;;;;;;
CPLEX;p31;600;2,11;0;6610,0;13331,0;13329,669709;180;4530;9030;147;1046;2076;0,0;110528,0;0,0;13172,7544;13375,0;0,65;63;145;;5;;27;;21;63;145;;5;;;27;;21;63;145;;5;;;;27;;21
GUROBI;p31;600;0,89;0;7568,0;13331,0;13330,0;180;4530;9030;180;4530;9030;12839,4138;50284,0;12839,4138;13096,045;13358,0;0,0;105;68;;;;13;36;1;105;68;;;;;13;36;1;105;68;;;;;;13;36;1
CBC;p31;600;17,99;0;10807;13331,0;13331,0;180;4530;9030;180;4530;9030;13123,567;14098,0;13123,567;;;;;;;;;;;;;;;;;;;;;;;;;;;;;;
CPLEX;p32;120;2,77;0;10635,0;15331,0;15329,468503;180;4530;9030;171;1727;3430;0,0;116528,0;0,0;15078,8457;15460,0;0,65;66;279;1;5;;17;;26;66;279;1;5;;;17;;26;66;279;1;5;;;;17;;26
GUROBI;p32;120;0,81;0;6152,0;15331,0;15331,0;180;4530;9030;180;4530;9030;14819,4138;54684,0;14819,4138;15054,9226;15358,0;0,0;100;67;;;;29;33;1;100;67;;;;;29;33;1;100;67;;;;;;29;33;1
CBC;p32;120;120,12;0,27666318810331114;66406;15332,0;15289,582;180;4530;9030;180;4530;9030;15082,316;22046,0;15082,316;;;;;;;;;;;;;;;;;;;;;;;;;;;;;;
CPLEX;p32;300;2,73;0;10635,0;15331,0;15329,468503;180;4530;9030;171;1727;3430;0,0;116528,0;0,0;15078,8457;15460,0;0,64;66;279;1;5;;17;;26;66;279;1;5;;;17;;26;66;279;1;5;;;;17;;26
GUROBI;p32;300;0,81;0;6152,0;15331,0;15331,0;180;4530;9030;180;4530;9030;14819,4138;54684,0;14819,4138;15054,9226;15358,0;0,0;100;67;;;;29;33;1;100;67;;;;;29;33;1;100;67;;;;;;29;33;1
CBC;p32;300;299,99;0,15353858195812845;183020;15331,0;15307,461;180;4530;9030;180;4530;9030;15082,316;22046,0;15082,316;;;;;;;;;;;;;;;;;;;;;;;;;;;;;;
CPLEX;p32;600;2,74;0;10635,0;15331,0;15329,468503;180;4530;9030;171;1727;3430;0,0;116528,0;0,0;15078,8457;15460,0;0,64;66;279;1;5;;17;;26;66;279;1;5;;;17;;26;66;279;1;5;;;;17;;26
GUROBI;p32;600;0,81;0;6152,0;15331,0;15331,0;180;4530;9030;180;4530;9030;14819,4138;54684,0;14819,4138;15054,9226;15358,0;0,0;100;67;;;;29;33;1;100;67;;;;;29;33;1;100;67;;;;;;29;33;1
CBC;p32;600;475,67;0;303844;15331,0;15331,0;180;4530;9030;180;4530;9030;15082,316;22046,0;15082,316;;;;;;;;;;;;;;;;;;;;;;;;;;;;;;
CPLEX;p33;120;0,19;0;0,0;11629,0;11629,0;180;4530;9030;139;934;1848;0,0;107919,0;0,0;11629,0;11629,0;0,18;98;30;1;16;;10;;14;98;30;1;16;;;10;;14;98;30;1;16;;;;10;;14
GUROBI;p33;120;0,2;0;1,0;11629,0;11629,0;180;4530;9030;180;4530;9030;10774,91;46084,0;10774,91;11629,0;11629,0;0,0;12;3;;3;;2;4;;12;3;;3;;;2;4;;12;3;;3;;;;2;4;
CBC;p33;120;0,49;0;6;11629,0;11629,0;180;4530;9030;180;4530;9030;11564,648;11639,0;11564,648;;;;;;;;;;;;;;;;;;;;;;;;;;;;;;
CPLEX;p33;300;0,19;0;0,0;11629,0;11629,0;180;4530;9030;139;934;1848;0,0;107919,0;0,0;11629,0;11629,0;0,18;98;30;1;16;;10;;14;98;30;1;16;;;10;;14;98;30;1;16;;;;10;;14
GUROBI;p33;300;0,2;0;1,0;11629,0;11629,0;180;4530;9030;180;4530;9030;10774,91;46084,0;10774,91;11629,0;11629,0;0,0;12;3;;3;;2;4;;12;3;;3;;;2;4;;12;3;;3;;;;2;4;
CBC;p33;300;0,48;0;6;11629,0;11629,0;180;4530;9030;180;4530;9030;11564,648;11639,0;11564,648;;;;;;;;;;;;;;;;;;;;;;;;;;;;;;
CPLEX;p33;600;0,19;0;0,0;11629,0;11629,0;180;4530;9030;139;934;1848;0,0;107919,0;0,0;11629,0;11629,0;0,18;98;30;1;16;;10;;14;98;30;1;16;;;10;;14;98;30;1;16;;;;10;;14
GUROBI;p33;600;0,2;0;1,0;11629,0;11629,0;180;4530;9030;180;4530;9030;10774,91;46084,0;10774,91;11629,0;11629,0;0,0;12;3;;3;;2;4;;12;3;;3;;;2;4;;12;3;;3;;;;2;4;
CBC;p33;600;0,47;0;6;11629,0;11629,0;180;4530;9030;180;4530;9030;11564,648;11639,0;11564,648;;;;;;;;;;;;;;;;;;;;;;;;;;;;;;
CPLEX;p34;120;0,19;0;0,0;10632,0;10632,0;180;4530;9030;180;2421;4813;0,0;104528,0;0,0;10631,0617;10632,0;0,18;119;37;7;21;;;;26;119;37;7;21;;;;;26;119;37;7;21;;;;;;26
GUROBI;p34;120;0,2;0;1,0;10632,0;10632,0;180;4530;9030;180;4530;9030;10116,5;43285,0;10116,5;10632,0;10632,0;0,0;33;7;;5;;2;5;;33;7;;5;;;2;5;;33;7;;5;1;;;2;5;
CBC;p34;120;0,84;0;50;10632,0;10632,0;180;4530;9030;180;4530;9030;10624,439;13885,0;10624,439;;;;;;;;;;;;;;;;;;;;;;;;;;;;;;
CPLEX;p34;300;0,19;0;0,0;10632,0;10632,0;180;4530;9030;180;2421;4813;0,0;104528,0;0,0;10631,0617;10632,0;0,19;119;37;7;21;;;;26;119;37;7;21;;;;;26;119;37;7;21;;;;;;26
GUROBI;p34;300;0,2;0;1,0;10632,0;10632,0;180;4530;9030;180;4530;9030;10116,5;43285,0;10116,5;10632,0;10632,0;0,0;33;7;;5;;2;5;;33;7;;5;;;2;5;;33;7;;5;1;;;2;5;
CBC;p34;300;0,86;0;50;10632,0;10632,0;180;4530;9030;180;4530;9030;10624,439;13885,0;10624,439;;;;;;;;;;;;;;;;;;;;;;;;;;;;;;
CPLEX;p34;600;0,22;0;0,0;10632,0;10632,0;180;4530;9030;180;2421;4813;0,0;104528,0;0,0;10631,0617;10632,0;0,22;119;37;7;21;;;;26;119;37;7;21;;;;;26;119;37;7;21;;;;;;26
GUROBI;p34;600;0,2;0;1,0;10632,0;10632,0;180;4530;9030;180;4530;9030;10116,5;43285,0;10116,5;10632,0;10632,0;0,0;33;7;;5;;2;5;;33;7;;5;;;2;5;;33;7;;5;1;;;2;5;
CBC;p34;600;0,86;0;50;10632,0;10632,0;180;4530;9030;180;4530;9030;10624,439;13885,0;10624,439;;;;;;;;;;;;;;;;;;;;;;;;;;;;;;
CPLEX;p35;120;0,22;0;0,0;12232,0;12232,0;180;4530;9030;95;421;835;0,0;110528,0;0,0;12232,0;12232,0;0,22;53;16;3;18;3;9;;11;53;16;3;18;;3;9;;11;53;16;3;18;;;3;9;;11
GUROBI;p35;120;0,31;0;1,0;12232,0;12232,0;180;4530;9030;180;4530;9030;11601,5;47485,0;11601,5;12229,25;12232,0;0,0;11;3;;2;;4;1;;11;3;;2;;;4;1;;11;3;;2;;;;4;1;
CBC;p35;120;0,72;0;10;12232,0;12232,0;180;4530;9030;180;4530;9030;12170,589;12250,0;12170,589;;;;;;;;;;;;;;;;;;;;;;;;;;;;;;
CPLEX;p35;300;0,22;0;0,0;12232,0;12232,0;180;4530;9030;95;421;835;0,0;110528,0;0,0;12232,0;12232,0;0,21;53;16;3;18;3;9;;11;53;16;3;18;;3;9;;11;53;16;3;18;;;3;9;;11
GUROBI;p35;300;0,31;0;1,0;12232,0;12232,0;180;4530;9030;180;4530;9030;11601,5;47485,0;11601,5;12229,25;12232,0;0,0;11;3;;2;;4;1;;11;3;;2;;;4;1;;11;3;;2;;;;4;1;
CBC;p35;300;0,71;0;10;12232,0;12232,0;180;4530;9030;180;4530;9030;12170,589;12250,0;12170,589;;;;;;;;;;;;;;;;;;;;;;;;;;;;;;
CPLEX;p35;600;0,22;0;0,0;12232,0;12232,0;180;4530;9030;95;421;835;0,0;110528,0;0,0;12232,0;12232,0;0,21;53;16;3;18;3;9;;11;53;16;3;18;;3;9;;11;53;16;3;18;;;3;9;;11
GUROBI;p35;600;0,31;0;1,0;12232,0;12232,0;180;4530;9030;180;4530;9030;11601,5;47485,0;11601,5;12229,25;12232,0;0,0;11;3;;2;;4;1;;11;3;;2;;;4;1;;11;3;;2;;;;4;1;
CBC;p35;600;0,69;0;10;12232,0;12232,0;180;4530;9030;180;4530;9030;12170,589;12250,0;12170,589;;;;;;;;;;;;;;;;;;;;;;;;;;;;;;
CPLEX;p36;120;0,32;0;0,0;13832,0;13830,636364;180;4530;9030;144;1028;2041;0,0;116528,0;0,0;13830,636364;13832,0;;79;29;2;22;2;10;;23;79;29;2;22;1;2;10;;23;79;29;2;22;;1;2;10;;23
GUROBI;p36;120;0,43;0;25,0;13832,0;13832,0;180;4530;9030;180;4530;9030;13086,5;51685,0;13086,5;13828,4617;13832,0;0,0;69;19;;24;;12;4;1;69;19;;24;;;12;4;1;69;19;;24;;;;12;4;1
CBC;p36;120;0,76;0;8;13832,0;13832,0;180;4530;9030;180;4530;9030;13643,008;14568,0;13643,008;;;;;;;;;;;;;;;;;;;;;;;;;;;;;;
CPLEX;p36;300;0,32;0;0,0;13832,0;13830,636364;180;4530;9030;144;1028;2041;0,0;116528,0;0,0;13830,636364;13832,0;;79;29;2;22;2;10;;23;79;29;2;22;1;2;10;;23;79;29;2;22;;1;2;10;;23
GUROBI;p36;300;0,44;0;25,0;13832,0;13832,0;180;4530;9030;180;4530;9030;13086,5;51685,0;13086,5;13828,4617;13832,0;0,0;69;19;;24;;12;4;1;69;19;;24;;;12;4;1;69;19;;24;;;;12;4;1
CBC;p36;300;0,77;0;8;13832,0;13832,0;180;4530;9030;180;4530;9030;13643,008;14568,0;13643,008;;;;;;;;;;;;;;;;;;;;;;;;;;;;;;
CPLEX;p36;600;0,31;0;0,0;13832,0;13830,636364;180;4530;9030;144;1028;2041;0,0;116528,0;0,0;13830,636364;13832,0;;79;29;2;22;2;10;;23;79;29;2;22;1;2;10;;23;79;29;2;22;;1;2;10;;23
GUROBI;p36;600;0,43;0;25,0;13832,0;13832,0;180;4530;9030;180;4530;9030;13086,5;51685,0;13086,5;13828,4617;13832,0;0,0;69;19;;24;;12;4;1;69;19;;24;;;12;4;1;69;19;;24;;;;12;4;1
CBC;p36;600;0,76;0;8;13832,0;13832,0;180;4530;9030;180;4530;9030;13643,008;14568,0;13643,008;;;;;;;;;;;;;;;;;;;;;;;;;;;;;;
CPLEX;p37;120;0,14;0;0,0;11258,0;11258,0;180;4530;9030;180;4530;9030;0,0;107919,0;0,0;405,0;11258,0;0,14;151;30;1;17;;9;;24;151;30;1;17;;;9;;24;151;30;1;17;;;;9;;24
GUROBI;p37;120;0,12;0;1,0;11258,0;11257,0;180;4530;9030;180;4530;9030;9827,58167;48589,0;9827,58167;11256,9091;11258,0;0,0;24;2;;1;;2;2;;24;2;;1;;;2;2;;24;2;;1;2;;;2;2;
CBC;p37;120;0,33;0;4;11258,0;11258,0;180;4530;9030;180;4530;9030;11255,151;11703,0;11255,151;;;;;;;;;;;;;;;;;;;;;;;;;;;;;;
CPLEX;p37;300;0,14;0;0,0;11258,0;11258,0;180;4530;9030;180;4530;9030;0,0;107919,0;0,0;405,0;11258,0;0,14;151;30;1;17;;9;;24;151;30;1;17;;;9;;24;151;30;1;17;;;;9;;24
GUROBI;p37;300;0,13;0;1,0;11258,0;11257,0;180;4530;9030;180;4530;9030;9827,58167;48589,0;9827,58167;11256,9091;11258,0;0,0;24;2;;1;;2;2;;24;2;;1;;;2;2;;24;2;;1;2;;;2;2;
CBC;p37;300;0,32;0;4;11258,0;11258,0;180;4530;9030;180;4530;9030;11255,151;11703,0;11255,151;;;;;;;;;;;;;;;;;;;;;;;;;;;;;;
CPLEX;p37;600;0,14;0;0,0;11258,0;11258,0;180;4530;9030;180;4530;9030;0,0;107919,0;0,0;405,0;11258,0;0,14;151;30;1;17;;9;;24;151;30;1;17;;;9;;24;151;30;1;17;;;;9;;24
GUROBI;p37;600;0,12;0;1,0;11258,0;11257,0;180;4530;9030;180;4530;9030;9827,58167;48589,0;9827,58167;11256,9091;11258,0;0,0;24;2;;1;;2;2;;24;2;;1;;;2;2;;24;2;;1;2;;;2;2;
CBC;p37;600;0,33;0;4;11258,0;11258,0;180;4530;9030;180;4530;9030;11255,151;11703,0;11255,151;;;;;;;;;;;;;;;;;;;;;;;;;;;;;;
CPLEX;p38;120;0,14;0;0,0;10551,0;10551,0;180;4530;9030;135;823;1625;0,0;104528,0;0,0;10550,7778;10551,0;0,14;68;24;2;12;1;2;;16;68;24;2;12;1;1;2;;16;68;24;2;12;;1;1;2;;16
GUROBI;p38;120;0,15;0;1,0;10551,0;10551,0;180;4530;9030;180;4530;9030;9374,0;46013,0;9374,0;;;;;;;;;;;;;;;;;;;;;;;;;;;;;;
CBC;p38;120;0,39;0;2;10551,0;10551,0;180;4530;9030;180;4530;9030;10549,737;10551,0;10549,737;;;;;;;;;;;;;;;;;;;;;;;;;;;;;;
CPLEX;p38;300;0,14;0;0,0;10551,0;10551,0;180;4530;9030;135;823;1625;0,0;104528,0;0,0;10550,7778;10551,0;0,14;68;24;2;12;1;2;;16;68;24;2;12;1;1;2;;16;68;24;2;12;;1;1;2;;16
GUROBI;p38;300;0,15;0;1,0;10551,0;10551,0;180;4530;9030;180;4530;9030;9374,0;46013,0;9374,0;;;;;;;;;;;;;;;;;;;;;;;;;;;;;;
CBC;p38;300;0,4;0;2;10551,0;10551,0;180;4530;9030;180;4530;9030;10549,737;10551,0;10549,737;;;;;;;;;;;;;;;;;;;;;;;;;;;;;;
CPLEX;p38;600;0,14;0;0,0;10551,0;10551,0;180;4530;9030;135;823;1625;0,0;104528,0;0,0;10550,7778;10551,0;0,14;68;24;2;12;1;2;;16;68;24;2;12;1;1;2;;16;68;24;2;12;;1;1;2;;16
GUROBI;p38;600;0,17;0;1,0;10551,0;10551,0;180;4530;9030;180;4530;9030;9374,0;46013,0;9374,0;;;;;;;;;;;;;;;;;;;;;;;;;;;;;;
CBC;p38;600;0,39;0;2;10551,0;10551,0;180;4530;9030;180;4530;9030;10549,737;10551,0;10549,737;;;;;;;;;;;;;;;;;;;;;;;;;;;;;;
CPLEX;p39;120;0,15;0;0,0;11824,0;11824,0;180;4530;9030;180;4530;9030;0,0;110528,0;0,0;452,0;11824,0;0,15;128;33;1;17;;8;;35;128;33;1;17;;;8;;35;128;33;1;17;;;;8;;35
GUROBI;p39;120;0,1;0;1,0;11824,0;11824,0;180;4530;9030;180;4530;9030;10364,0;50013,0;10364,0;11824,0;11824,0;0,0;57;4;;;;3;4;;57;4;;;;;3;4;;57;4;;;;;;3;4;
CBC;p39;120;0,36;0;2;11824,0;11824,0;180;4530;9030;180;4530;9030;11822,737;11824,0;11822,737;;;;;;;;;;;;;;;;;;;;;;;;;;;;;;
CPLEX;p39;300;0,16;0;0,0;11824,0;11824,0;180;4530;9030;180;4530;9030;0,0;110528,0;0,0;452,0;11824,0;0,15;128;33;1;17;;8;;35;128;33;1;17;;;8;;35;128;33;1;17;;;;8;;35
GUROBI;p39;300;0,1;0;1,0;11824,0;11824,0;180;4530;9030;180;4530;9030;10364,0;50013,0;10364,0;11824,0;11824,0;0,0;57;4;;;;3;4;;57;4;;;;;3;4;;57;4;;;;;;3;4;
CBC;p39;300;0,36;0;2;11824,0;11824,0;180;4530;9030;180;4530;9030;11822,737;11824,0;11822,737;;;;;;;;;;;;;;;;;;;;;;;;;;;;;;
CPLEX;p39;600;0,15;0;0,0;11824,0;11824,0;180;4530;9030;180;4530;9030;0,0;110528,0;0,0;452,0;11824,0;0,15;128;33;1;17;;8;;35;128;33;1;17;;;8;;35;128;33;1;17;;;;8;;35
GUROBI;p39;600;0,1;0;1,0;11824,0;11824,0;180;4530;9030;180;4530;9030;10364,0;50013,0;10364,0;11824,0;11824,0;0,0;57;4;;;;3;4;;57;4;;;;;3;4;;57;4;;;;;;3;4;
CBC;p39;600;0,35;0;2;11824,0;11824,0;180;4530;9030;180;4530;9030;11822,737;11824,0;11822,737;;;;;;;;;;;;;;;;;;;;;;;;;;;;;;
CPLEX;p40;120;0,18;0;0,0;13024,0;13024,0;180;4530;9030;132;659;1297;0,0;116528,0;0,0;700,0;13024,0;0,17;100;26;;12;;6;;22;100;26;;12;;;6;;22;100;26;;12;;;;6;;22
GUROBI;p40;120;0,12;0;1,0;13024,0;13023,0;180;4530;9030;180;4530;9030;11354,0;54013,0;11354,0;13011,2549;13024,0;0,0;68;16;;1;;5;6;;68;16;;1;;;5;6;;68;16;;1;;;;5;6;
CBC;p40;120;0,35;0;2;13024,0;13024,0;180;4530;9030;180;4530;9030;13022,737;13024,0;13022,737;;;;;;;;;;;;;;;;;;;;;;;;;;;;;;
CPLEX;p40;300;0,18;0;0,0;13024,0;13024,0;180;4530;9030;132;659;1297;0,0;116528,0;0,0;700,0;13024,0;0,17;100;26;;12;;6;;22;100;26;;12;;;6;;22;100;26;;12;;;;6;;22
GUROBI;p40;300;0,12;0;1,0;13024,0;13023,0;180;4530;9030;180;4530;9030;11354,0;54013,0;11354,0;13011,2549;13024,0;0,0;68;16;;1;;5;6;;68;16;;1;;;5;6;;68;16;;1;;;;5;6;
CBC;p40;300;0,36;0;2;13024,0;13024,0;180;4530;9030;180;4530;9030;13022,737;13024,0;13022,737;;;;;;;;;;;;;;;;;;;;;;;;;;;;;;
CPLEX;p40;600;0,18;0;0,0;13024,0;13024,0;180;4530;9030;132;659;1297;0,0;116528,0;0,0;700,0;13024,0;0,17;100;26;;12;;6;;22;100;26;;12;;;6;;22;100;26;;12;;;;6;;22
GUROBI;p40;600;0,12;0;1,0;13024,0;13023,0;180;4530;9030;180;4530;9030;11354,0;54013,0;11354,0;13011,2549;13024,0;0,0;68;16;;1;;5;6;;68;16;;1;;;5;6;;68;16;;1;;;;5;6;
CBC;p40;600;0,35;0;2;13024,0;13024,0;180;4530;9030;180;4530;9030;13022,737;13024,0;13022,737;;;;;;;;;;;;;;;;;;;;;;;;;;;;;;
CPLEX;p41;120;0,13;0;0,0;6589,0;6589,0;100;910;1810;97;407;805;0,0;16624,0;0,0;6589,0;6589,0;0,12;81;16;2;6;;12;;20;81;16;2;6;;;12;;20;81;16;2;6;;;;12;;20
GUROBI;p41;120;0,07;0;1,0;6589,0;6589,0;100;910;1810;100;910;1810;5259,08101;11050,0;5259,08101;6589,0;6589,0;0,0;91;14;;11;;6;10;;91;14;;11;;;6;10;;91;14;;11;;;;6;10;
CBC;p41;120;0,4;0;4;6589,0;6589,0;100;910;1810;100;910;1810;6585,2878;7158,0;6585,2878;;;;;;;;;;;;;;;;;;;;;;;;;;;;;;
CPLEX;p41;300;0,12;0;0,0;6589,0;6589,0;100;910;1810;97;407;805;0,0;16624,0;0,0;6589,0;6589,0;0,12;81;16;2;6;;12;;20;81;16;2;6;;;12;;20;81;16;2;6;;;;12;;20
GUROBI;p41;300;0,07;0;1,0;6589,0;6589,0;100;910;1810;100;910;1810;5259,08101;11050,0;5259,08101;6589,0;6589,0;0,0;91;14;;11;;6;10;;91;14;;11;;;6;10;;91;14;;11;;;;6;10;
CBC;p41;300;0,41;0;4;6589,0;6589,0;100;910;1810;100;910;1810;6585,2878;7158,0;6585,2878;;;;;;;;;;;;;;;;;;;;;;;;;;;;;;
CPLEX;p41;600;0,13;0;0,0;6589,0;6589,0;100;910;1810;97;407;805;0,0;16624,0;0,0;6589,0;6589,0;0,12;81;16;2;6;;12;;20;81;16;2;6;;;12;;20;81;16;2;6;;;;12;;20
GUROBI;p41;600;0,07;0;1,0;6589,0;6589,0;100;910;1810;100;910;1810;5259,08101;11050,0;5259,08101;6589,0;6589,0;0,0;91;14;;11;;6;10;;91;14;;11;;;6;10;;91;14;;11;;;;6;10;
CBC;p41;600;0,4;0;4;6589,0;6589,0;100;910;1810;100;910;1810;6585,2878;7158,0;6585,2878;;;;;;;;;;;;;;;;;;;;;;;;;;;;;;
CPLEX;p42;120;0,19;0;0,0;5663,0;5663,0;100;1620;3220;100;628;1236;0,0;18892,0;0,0;5663,0;5663,0;0,18;126;55;4;12;;22;;24;126;55;4;12;2;;22;;24;126;55;4;12;;2;;22;;24
GUROBI;p42;120;0,36;0;1,0;5663,0;5663,0;100;1620;3220;100;1620;3220;3804,17433;12154,0;3804,17433;5634,0127;5663,0;0,0;65;25;;4;;7;6;;65;25;;4;;;7;6;;65;25;;4;;;;7;6;
CBC;p42;120;0,59;0;16;5663,0;5663,0;100;1620;3220;100;1620;3220;5629,1072;6189,0;5629,1072;;;;;;;;;;;;;;;;;;;;;;;;;;;;;;
CPLEX;p42;300;0,19;0;0,0;5663,0;5663,0;100;1620;3220;100;628;1236;0,0;18892,0;0,0;5663,0;5663,0;0,19;126;55;4;12;;22;;24;126;55;4;12;2;;22;;24;126;55;4;12;;2;;22;;24
GUROBI;p42;300;0,39;0;1,0;5663,0;5663,0;100;1620;3220;100;1620;3220;3804,17433;12154,0;3804,17433;5634,0127;5663,0;0,0;65;25;;4;;7;6;;65;25;;4;;;7;6;;65;25;;4;;;;7;6;
CBC;p42;300;0,59;0;16;5663,0;5663,0;100;1620;3220;100;1620;3220;5629,1072;6189,0;5629,1072;;;;;;;;;;;;;;;;;;;;;;;;;;;;;;
CPLEX;p42;600;0,18;0;0,0;5663,0;5663,0;100;1620;3220;100;628;1236;0,0;18892,0;0,0;5663,0;5663,0;0,18;126;55;4;12;;22;;24;126;55;4;12;2;;22;;24;126;55;4;12;;2;;22;;24
GUROBI;p42;600;0,37;0;1,0;5663,0;5663,0;100;1620;3220;100;1620;3220;3804,17433;12154,0;3804,17433;5634,0127;5663,0;0,0;65;25;;4;;7;6;;65;25;;4;;;7;6;;65;25;;4;;;;7;6;
CBC;p42;600;0,6;0;16;5663,0;5663,0;100;1620;3220;100;1620;3220;5629,1072;6189,0;5629,1072;;;;;;;;;;;;;;;;;;;;;;;;;;;;;;
CPLEX;p43;120;0,24;0;0,0;5214,0;5214,0;100;2130;4230;100;747;1464;0,0;21386,0;0,0;5214,0;5214,0;0,24;170;91;1;21;3;32;;37;170;91;1;21;2;3;32;;37;170;91;1;21;;2;3;32;;37
GUROBI;p43;120;0,15;0;1,0;5214,0;5214,0;100;2130;4230;100;2130;4230;3143,54617;13733,0;3143,54617;5214,0;5214,0;0,0;148;91;;;;19;23;;148;91;;;;;19;23;;148;91;;;;;;19;23;
CBC;p43;120;0,31;0;0;5214,0;5214,0;100;2130;4230;100;2130;4230;;;;;;;;;;;;;;;;;;;;;;;;;;;;;;;;;
CPLEX;p43;300;0,26;0;0,0;5214,0;5214,0;100;2130;4230;100;747;1464;0,0;21386,0;0,0;5214,0;5214,0;0,26;170;91;1;21;3;32;;37;170;91;1;21;2;3;32;;37;170;91;1;21;;2;3;32;;37
GUROBI;p43;300;0,15;0;1,0;5214,0;5214,0;100;2130;4230;100;2130;4230;3143,54617;13733,0;3143,54617;5214,0;5214,0;0,0;148;91;;;;19;23;;148;91;;;;;19;23;;148;91;;;;;;19;23;
CBC;p43;300;0,32;0;0;5214,0;5214,0;100;2130;4230;100;2130;4230;;;;;;;;;;;;;;;;;;;;;;;;;;;;;;;;;
CPLEX;p43;600;0,24;0;0,0;5214,0;5214,0;100;2130;4230;100;747;1464;0,0;21386,0;0,0;5214,0;5214,0;0,23;170;91;1;21;3;32;;37;170;91;1;21;2;3;32;;37;170;91;1;21;;2;3;32;;37
GUROBI;p43;600;0,15;0;1,0;5214,0;5214,0;100;2130;4230;100;2130;4230;3143,54617;13733,0;3143,54617;5214,0;5214,0;0,0;148;91;;;;19;23;;148;91;;;;;19;23;;148;91;;;;;;19;23;
CBC;p43;600;0,3;0;0;5214,0;5214,0;100;2130;4230;100;2130;4230;;;;;;;;;;;;;;;;;;;;;;;;;;;;;;;;;
CPLEX;p44;120;0,05;0;0,0;7028,0;7028,0;100;910;1810;21;70;133;0,0;19907,0;0,0;247,0;7028,0;0,05;17;9;2;3;;6;;11;17;9;2;3;;;6;;11;17;9;2;3;;;;6;;11
GUROBI;p44;120;0,04;0;1,0;7028,0;7028,0;100;910;1810;100;910;1810;5624,43207;11795,0;5624,43207;7025,36207;7028,0;0,0;24;5;;3;;5;5;;24;5;;3;;;5;5;;24;5;;3;;;;5;5;
CBC;p44;120;0,13;0;0;7028,0;7028,0;100;910;1810;100;910;1810;;;;;;;;;;;;;;;;;;;;;;;;;;;;;;;;;
CPLEX;p44;300;0,05;0;0,0;7028,0;7028,0;100;910;1810;21;70;133;0,0;19907,0;0,0;247,0;7028,0;0,05;17;9;2;3;;6;;11;17;9;2;3;;;6;;11;17;9;2;3;;;;6;;11
GUROBI;p44;300;0,04;0;1,0;7028,0;7028,0;100;910;1810;100;910;1810;5624,43207;11795,0;5624,43207;7025,36207;7028,0;0,0;24;5;;3;;5;5;;24;5;;3;;;5;5;;24;5;;3;;;;5;5;
CBC;p44;300;0,11;0;0;7028,0;7028,0;100;910;1810;100;910;1810;;;;;;;;;;;;;;;;;;;;;;;;;;;;;;;;;
CPLEX;p44;600;0,05;0;0,0;7028,0;7028,0;100;910;1810;21;70;133;0,0;19907,0;0,0;247,0;7028,0;0,05;17;9;2;3;;6;;11;17;9;2;3;;;6;;11;17;9;2;3;;;;6;;11
GUROBI;p44;600;0,04;0;1,0;7028,0;7028,0;100;910;1810;100;910;1810;5624,43207;11795,0;5624,43207;7025,36207;7028,0;0,0;24;5;;3;;5;5;;24;5;;3;;;5;5;;24;5;;3;;;;5;5;
CBC;p44;600;0,11;0;0;7028,0;7028,0;100;910;1810;100;910;1810;;;;;;;;;;;;;;;;;;;;;;;;;;;;;;;;;
CPLEX;p45;120;0,15;0;3,0;6251,0;6251,0;100;1620;3220;58;199;384;0,0;22645,0;0,0;6240,6667;6251,0;0,15;80;37;;15;;12;;41;80;37;;15;;;12;;41;80;37;;15;;;;12;;41
GUROBI;p45;120;0,14;0;1,0;6251,0;6251,0;100;1620;3220;100;1620;3220;4028,40052;15789,0;4028,40052;6249,21695;6251,0;0,0;94;43;;2;;11;23;;94;43;;2;;;11;23;;94;43;;2;;;;11;23;
CBC;p45;120;0,35;0;2;6251,0;6251,0;100;1620;3220;100;1620;3220;6248,8194;6251,0;6248,8194;;;;;;;;;;;;;;;;;;;;;;;;;;;;;;
CPLEX;p45;300;0,16;0;3,0;6251,0;6251,0;100;1620;3220;58;199;384;0,0;22645,0;0,0;6240,6667;6251,0;0,15;80;37;;15;;12;;41;80;37;;15;;;12;;41;80;37;;15;;;;12;;41
GUROBI;p45;300;0,15;0;1,0;6251,0;6251,0;100;1620;3220;100;1620;3220;4028,40052;15789,0;4028,40052;6249,21695;6251,0;0,0;94;43;;2;;11;23;;94;43;;2;;;11;23;;94;43;;2;;;;11;23;
CBC;p45;300;0,34;0;2;6251,0;6251,0;100;1620;3220;100;1620;3220;6248,8194;6251,0;6248,8194;;;;;;;;;;;;;;;;;;;;;;;;;;;;;;
CPLEX;p45;600;0,16;0;3,0;6251,0;6251,0;100;1620;3220;58;199;384;0,0;22645,0;0,0;6240,6667;6251,0;0,15;80;37;;15;;12;;41;80;37;;15;;;12;;41;80;37;;15;;;;12;;41
GUROBI;p45;600;0,14;0;1,0;6251,0;6251,0;100;1620;3220;100;1620;3220;4028,40052;15789,0;4028,40052;6249,21695;6251,0;0,0;94;43;;2;;11;23;;94;43;;2;;;11;23;;94;43;;2;;;;11;23;
CBC;p45;600;0,35;0;2;6251,0;6251,0;100;1620;3220;100;1620;3220;6248,8194;6251,0;6248,8194;;;;;;;;;;;;;;;;;;;;;;;;;;;;;;
CPLEX;p46;120;0,21;0;0,0;5651,0;5651,0;100;2130;4230;97;468;907;0,0;22889,0;0,0;5651,0;5651,0;0,2;114;76;1;20;1;22;;31;114;76;1;20;1;1;22;;31;114;76;1;20;;1;1;22;;31
GUROBI;p46;120;0,23;0;1,0;5651,0;5651,0;100;2130;4230;100;2130;4230;3231,93892;11101,0;3231,93892;5651,0;5651,0;0,0;27;27;;3;2;8;5;;27;27;;3;1;2;8;5;;27;27;;3;;1;2;8;5;
CBC;p46;120;0,65;0;4;5651,0;5651,0;100;2130;4230;100;2130;4230;5631,6045;5714,0;5631,6045;;;;;;;;;;;;;;;;;;;;;;;;;;;;;;
CPLEX;p46;300;0,17;0;0,0;5651,0;5651,0;100;2130;4230;97;468;907;0,0;22889,0;0,0;5651,0;5651,0;0,17;114;76;1;20;1;22;;31;114;76;1;20;1;1;22;;31;114;76;1;20;;1;1;22;;31
GUROBI;p46;300;0,23;0;1,0;5651,0;5651,0;100;2130;4230;100;2130;4230;3231,93892;11101,0;3231,93892;5651,0;5651,0;0,0;27;27;;3;2;8;5;;27;27;;3;1;2;8;5;;27;27;;3;;1;2;8;5;
CBC;p46;300;0,65;0;4;5651,0;5651,0;100;2130;4230;100;2130;4230;5631,6045;5714,0;5631,6045;;;;;;;;;;;;;;;;;;;;;;;;;;;;;;
CPLEX;p46;600;0,17;0;0,0;5651,0;5651,0;100;2130;4230;97;468;907;0,0;22889,0;0,0;5651,0;5651,0;0,17;114;76;1;20;1;22;;31;114;76;1;20;1;1;22;;31;114;76;1;20;;1;1;22;;31
GUROBI;p46;600;0,23;0;1,0;5651,0;5651,0;100;2130;4230;100;2130;4230;3231,93892;11101,0;3231,93892;5651,0;5651,0;0,0;27;27;;3;2;8;5;;27;27;;3;1;2;8;5;;27;27;;3;;1;2;8;5;
CBC;p46;600;0,65;0;4;5651,0;5651,0;100;2130;4230;100;2130;4230;5631,6045;5714,0;5631,6045;;;;;;;;;;;;;;;;;;;;;;;;;;;;;;
CPLEX;p47;120;0,03;0;0,0;6228,0;6228,0;100;910;1810;100;910;1810;0,0;17889,0;0,0;6228,0;6228,0;0,03;53;6;;8;;;;9;53;6;;8;;;;;9;53;6;;8;;;;;;9
GUROBI;p47;120;0,02;0;1,0;6228,0;6228,0;100;910;1810;100;910;1810;4874,38684;10987,0;4874,38684;6228,0;6228,0;0,0;52;6;;1;;1;8;;52;6;;1;;;1;8;;52;6;;1;;;;1;8;
CBC;p47;120;0,07;0;0;6228,0;6228,0;100;910;1810;100;910;1810;;;;;;;;;;;;;;;;;;;;;;;;;;;;;;;;;
CPLEX;p47;300;0,03;0;0,0;6228,0;6228,0;100;910;1810;100;910;1810;0,0;17889,0;0,0;6228,0;6228,0;0,03;53;6;;8;;;;9;53;6;;8;;;;;9;53;6;;8;;;;;;9
GUROBI;p47;300;0,01;0;1,0;6228,0;6228,0;100;910;1810;100;910;1810;4874,38684;10987,0;4874,38684;6228,0;6228,0;0,0;52;6;;1;;1;8;;52;6;;1;;;1;8;;52;6;;1;;;;1;8;
CBC;p47;300;0,06;0;0;6228,0;6228,0;100;910;1810;100;910;1810;;;;;;;;;;;;;;;;;;;;;;;;;;;;;;;;;
CPLEX;p47;600;0,04;0;0,0;6228,0;6228,0;100;910;1810;100;910;1810;0,0;17889,0;0,0;6228,0;6228,0;0,03;53;6;;8;;;;9;53;6;;8;;;;;9;53;6;;8;;;;;;9
GUROBI;p47;600;0,01;0;1,0;6228,0;6228,0;100;910;1810;100;910;1810;4874,38684;10987,0;4874,38684;6228,0;6228,0;0,0;52;6;;1;;1;8;;52;6;;1;;;1;8;;52;6;;1;;;;1;8;
CBC;p47;600;0,07;0;0;6228,0;6228,0;100;910;1810;100;910;1810;;;;;;;;;;;;;;;;;;;;;;;;;;;;;;;;;
CPLEX;p48;120;0,06;0;0,0;5596,0;5596,0;100;1620;3220;100;1620;3220;0,0;19497,0;0,0;5596,0;5596,0;0,05;107;40;;23;;13;;31;107;40;;23;;;13;;31;107;40;;23;;;;13;;31
GUROBI;p48;120;0,05;0;1,0;5596,0;5596,0;100;1620;3220;100;1620;3220;3391,10032;14877,0;3391,10032;5595,22222;5596,0;0,0;30;6;;;;6;3;;30;6;;;;;6;3;;30;6;;;;;;6;3;
CBC;p48;120;0,16;0;0;5596,0;5596,0;100;1620;3220;100;1620;3220;;;;;;;;;;;;;;;;;;;;;;;;;;;;;;;;;
CPLEX;p48;300;0,06;0;0,0;5596,0;5596,0;100;1620;3220;100;1620;3220;0,0;19497,0;0,0;5596,0;5596,0;0,06;107;40;;23;;13;;31;107;40;;23;;;13;;31;107;40;;23;;;;13;;31
GUROBI;p48;300;0,05;0;1,0;5596,0;5596,0;100;1620;3220;100;1620;3220;3391,10032;14877,0;3391,10032;5595,22222;5596,0;0,0;30;6;;;;6;3;;30;6;;;;;6;3;;30;6;;;;;;6;3;
CBC;p48;300;0,17;0;0;5596,0;5596,0;100;1620;3220;100;1620;3220;;;;;;;;;;;;;;;;;;;;;;;;;;;;;;;;;
CPLEX;p48;600;0,06;0;0,0;5596,0;5596,0;100;1620;3220;100;1620;3220;0,0;19497,0;0,0;5596,0;5596,0;0,05;107;40;;23;;13;;31;107;40;;23;;;13;;31;107;40;;23;;;;13;;31
GUROBI;p48;600;0,05;0;1,0;5596,0;5596,0;100;1620;3220;100;1620;3220;3391,10032;14877,0;3391,10032;5595,22222;5596,0;0,0;30;6;;;;6;3;;30;6;;;;;6;3;;30;6;;;;;;6;3;
CBC;p48;600;0,17;0;0;5596,0;5596,0;100;1620;3220;100;1620;3220;;;;;;;;;;;;;;;;;;;;;;;;;;;;;;;;;
CPLEX;p49;120;0,12;0;0,0;5302,0;5302,0;100;2130;4230;100;2130;4230;0,0;22523,0;0,0;5302,0;5302,0;0,11;150;72;;22;;31;;53;150;72;;22;;;31;;53;150;72;;22;;;;31;;53
GUROBI;p49;120;0,14;0;1,0;5302,0;5302,0;100;2130;4230;100;2130;4230;2577,26827;13507,0;2577,26827;5302,0;5302,0;0,0;105;47;;14;;22;30;2;105;47;;14;;;22;30;2;105;47;;14;;;;22;30;2
CBC;p49;120;0,3;0;0;5302,0;5302,0;100;2130;4230;100;2130;4230;;;;;;;;;;;;;;;;;;;;;;;;;;;;;;;;;
CPLEX;p49;300;0,09;0;0,0;5302,0;5302,0;100;2130;4230;100;2130;4230;0,0;22523,0;0,0;5302,0;5302,0;0,09;150;72;;22;;31;;53;150;72;;22;;;31;;53;150;72;;22;;;;31;;53
GUROBI;p49;300;0,14;0;1,0;5302,0;5302,0;100;2130;4230;100;2130;4230;2577,26827;13507,0;2577,26827;5302,0;5302,0;0,0;105;47;;14;;22;30;2;105;47;;14;;;22;30;2;105;47;;14;;;;22;30;2
CBC;p49;300;0,29;0;0;5302,0;5302,0;100;2130;4230;100;2130;4230;;;;;;;;;;;;;;;;;;;;;;;;;;;;;;;;;
CPLEX;p49;600;0,09;0;0,0;5302,0;5302,0;100;2130;4230;100;2130;4230;0,0;22523,0;0,0;5302,0;5302,0;0,09;150;72;;22;;31;;53;150;72;;22;;;31;;53;150;72;;22;;;;31;;53
GUROBI;p49;600;0,14;0;1,0;5302,0;5302,0;100;2130;4230;100;2130;4230;2577,26827;13507,0;2577,26827;5302,0;5302,0;0,0;105;47;;14;;22;30;2;105;47;;14;;;22;30;2;105;47;;14;;;;22;30;2
CBC;p49;600;0,3;0;0;5302,0;5302,0;100;2130;4230;100;2130;4230;;;;;;;;;;;;;;;;;;;;;;;;;;;;;;;;;
CPLEX;p50;120;0,11;0;0,0;8741,0;8741,0;110;1010;2010;98;502;998;0,0;20489,0;0,0;8741,0;8741,0;0,11;57;9;1;6;1;10;;7;57;9;1;6;;1;10;;7;57;9;1;6;;;1;10;;7
GUROBI;p50;120;0,08;0;1,0;8741,0;8741,0;110;1010;2010;110;1010;2010;7865,72951;14010,0;7865,72951;8741,0;8741,0;0,0;;2;;2;;1;;;;2;;2;;;1;;;;2;;2;;;;1;;
CBC;p50;120;0,77;0;94;8741,0;8741,0;110;1010;2010;110;1010;2010;8707,8963;8990,0;8707,8963;;;;;;;;;;;;;;;;;;;;;;;;;;;;;;
CPLEX;p50;300;0,13;0;0,0;8741,0;8741,0;110;1010;2010;98;502;998;0,0;20489,0;0,0;8741,0;8741,0;0,13;57;9;1;6;1;10;;7;57;9;1;6;;1;10;;7;57;9;1;6;;;1;10;;7
GUROBI;p50;300;0,08;0;1,0;8741,0;8741,0;110;1010;2010;110;1010;2010;7865,72951;14010,0;7865,72951;8741,0;8741,0;0,0;;2;;2;;1;;;;2;;2;;;1;;;;2;;2;;;;1;;
CBC;p50;300;0,78;0;94;8741,0;8741,0;110;1010;2010;110;1010;2010;8707,8963;8990,0;8707,8963;;;;;;;;;;;;;;;;;;;;;;;;;;;;;;
CPLEX;p50;600;0,13;0;0,0;8741,0;8741,0;110;1010;2010;98;502;998;0,0;20489,0;0,0;8741,0;8741,0;0,13;57;9;1;6;1;10;;7;57;9;1;6;;1;10;;7;57;9;1;6;;;1;10;;7
GUROBI;p50;600;0,08;0;1,0;8741,0;8741,0;110;1010;2010;110;1010;2010;7865,72951;14010,0;7865,72951;8741,0;8741,0;0,0;;2;;2;;1;;;;2;;2;;;1;;;;2;;2;;;;1;;
CBC;p50;600;0,78;0;94;8741,0;8741,0;110;1010;2010;110;1010;2010;8707,8963;8990,0;8707,8963;;;;;;;;;;;;;;;;;;;;;;;;;;;;;;
CPLEX;p51;120;0,34;0;388,0;7414,0;7414,0;120;2020;4020;120;1328;2639;0,0;24399,0;0,0;7353,0398;7419,0;0,27;79;174;1;15;;12;;29;79;174;1;15;;;12;;29;79;174;1;15;;;;12;;29
GUROBI;p51;120;0,3;0;988,0;7414,0;7414,0;120;2020;4020;120;2020;4020;6238,39722;15036,0;6238,39722;7279,39208;7458,0;0,0;92;46;;;;6;22;;92;46;;;;;6;22;;92;46;;;;;;6;22;
CBC;p51;120;1,67;0;191;7414,0;7414,0;120;2020;4020;120;2020;4020;7267,8392;7611,0;7267,8392;;;;;;;;;;;;;;;;;;;;;;;;;;;;;;
CPLEX;p51;300;0,34;0;388,0;7414,0;7414,0;120;2020;4020;120;1328;2639;0,0;24399,0;0,0;7353,0398;7419,0;0,27;79;174;1;15;;12;;29;79;174;1;15;;;12;;29;79;174;1;15;;;;12;;29
GUROBI;p51;300;0,3;0;988,0;7414,0;7414,0;120;2020;4020;120;2020;4020;6238,39722;15036,0;6238,39722;7279,39208;7458,0;0,0;92;46;;;;6;22;;92;46;;;;;6;22;;92;46;;;;;;6;22;
CBC;p51;300;1,69;0;191;7414,0;7414,0;120;2020;4020;120;2020;4020;7267,8392;7611,0;7267,8392;;;;;;;;;;;;;;;;;;;;;;;;;;;;;;
CPLEX;p51;600;0,35;0;388,0;7414,0;7414,0;120;2020;4020;120;1328;2639;0,0;24399,0;0,0;7353,0398;7419,0;0,27;79;174;1;15;;12;;29;79;174;1;15;;;12;;29;79;174;1;15;;;;12;;29
GUROBI;p51;600;0,31;0;988,0;7414,0;7414,0;120;2020;4020;120;2020;4020;6238,39722;15036,0;6238,39722;7279,39208;7458,0;0,0;92;46;;;;6;22;;92;46;;;;;6;22;;92;46;;;;;;6;22;
CBC;p51;600;1,68;0;191;7414,0;7414,0;120;2020;4020;120;2020;4020;7267,8392;7611,0;7267,8392;;;;;;;;;;;;;;;;;;;;;;;;;;;;;;
CPLEX;p52;120;0,05;0;0,0;9178,0;9178,0;110;1010;2010;12;43;77;0,0;24341,0;0,0;9178,0;9178,0;0,05;;8;3;2;;5;;8;;8;3;2;1;;5;;8;;8;3;2;1;1;;5;;8
GUROBI;p52;120;0,03;0;1,0;9178,0;9178,0;110;1010;2010;110;1010;2010;8697,39129;17561,0;8697,39129;9169,21053;9178,0;0,0;;2;;2;;1;;;;2;;2;;;1;;;;2;;2;;;;1;;
CBC;p52;120;0,15;0;12;9178,0;9178,0;110;1010;2010;110;1010;2010;9149,7135;9333,0;9149,7135;;;;;;;;;;;;;;;;;;;;;;;;;;;;;;
CPLEX;p52;300;0,05;0;0,0;9178,0;9178,0;110;1010;2010;12;43;77;0,0;24341,0;0,0;9178,0;9178,0;0,05;;8;3;2;;5;;8;;8;3;2;1;;5;;8;;8;3;2;1;1;;5;;8
GUROBI;p52;300;0,03;0;1,0;9178,0;9178,0;110;1010;2010;110;1010;2010;8697,39129;17561,0;8697,39129;9169,21053;9178,0;0,0;;2;;2;;1;;;;2;;2;;;1;;;;2;;2;;;;1;;
CBC;p52;300;0,15;0;12;9178,0;9178,0;110;1010;2010;110;1010;2010;9149,7135;9333,0;9149,7135;;;;;;;;;;;;;;;;;;;;;;;;;;;;;;
CPLEX;p52;600;0,05;0;0,0;9178,0;9178,0;110;1010;2010;12;43;77;0,0;24341,0;0,0;9178,0;9178,0;0,05;;8;3;2;;5;;8;;8;3;2;1;;5;;8;;8;3;2;1;1;;5;;8
GUROBI;p52;600;0,03;0;1,0;9178,0;9178,0;110;1010;2010;110;1010;2010;8697,39129;17561,0;8697,39129;9169,21053;9178,0;0,0;;2;;2;;1;;;;2;;2;;;1;;;;2;;2;;;;1;;
CBC;p52;600;0,13;0;12;9178,0;9178,0;110;1010;2010;110;1010;2010;9149,7135;9333,0;9149,7135;;;;;;;;;;;;;;;;;;;;;;;;;;;;;;
CPLEX;p53;120;0,1;0;0,0;8531,0;8531,0;120;2020;4020;106;707;1400;0,0;29036,0;0,0;373,0;8531,0;0,09;53;16;3;11;;5;;16;53;16;3;11;;;5;;16;53;16;3;11;;;;5;;16
GUROBI;p53;120;0,06;0;1,0;8531,0;8531,0;120;2020;4020;120;2020;4020;7714,78074;22170,0;7714,78074;8531,0;8531,0;0,0;52;11;;2;;9;9;;52;11;;2;;;9;9;;52;11;;2;;;;9;9;
CBC;p53;120;0,22;0;2;8531,0;8531,0;120;2020;4020;120;2020;4020;8524,9624;10092,0;8524,9624;;;;;;;;;;;;;;;;;;;;;;;;;;;;;;
CPLEX;p53;300;0,1;0;0,0;8531,0;8531,0;120;2020;4020;106;707;1400;0,0;29036,0;0,0;373,0;8531,0;0,1;53;16;3;11;;5;;16;53;16;3;11;;;5;;16;53;16;3;11;;;;5;;16
GUROBI;p53;300;0,05;0;1,0;8531,0;8531,0;120;2020;4020;120;2020;4020;7714,78074;22170,0;7714,78074;8531,0;8531,0;0,0;52;11;;2;;9;9;;52;11;;2;;;9;9;;52;11;;2;;;;9;9;
CBC;p53;300;0,21;0;2;8531,0;8531,0;120;2020;4020;120;2020;4020;8524,9624;10092,0;8524,9624;;;;;;;;;;;;;;;;;;;;;;;;;;;;;;
CPLEX;p53;600;0,1;0;0,0;8531,0;8531,0;120;2020;4020;106;707;1400;0,0;29036,0;0,0;373,0;8531,0;0,1;53;16;3;11;;5;;16;53;16;3;11;;;5;;16;53;16;3;11;;;;5;;16
GUROBI;p53;600;0,06;0;1,0;8531,0;8531,0;120;2020;4020;120;2020;4020;7714,78074;22170,0;7714,78074;8531,0;8531,0;0,0;52;11;;2;;9;9;;52;11;;2;;;9;9;;52;11;;2;;;;9;9;
CBC;p53;600;0,22;0;2;8531,0;8531,0;120;2020;4020;120;2020;4020;8524,9624;10092,0;8524,9624;;;;;;;;;;;;;;;;;;;;;;;;;;;;;;
CPLEX;p54;120;0,04;0;0,0;8777,0;8777,0;110;1010;2010;110;1010;2010;0,0;21774,0;0,0;106,0;8777,0;0,04;27;7;;4;;1;;5;27;7;;4;;;1;;5;27;7;;4;;;;1;;5
GUROBI;p54;120;0,01;0;1,0;8777,0;8777,0;110;1010;2010;110;1010;2010;8343,50715;16658,0;8343,50715;8777,0;8777,0;0,0;40;5;;1;;1;5;;40;5;;1;;;1;5;;40;5;;1;;;;1;5;
CBC;p54;120;0,11;0;0;8777,0;8777,0;110;1010;2010;110;1010;2010;;;;;;;;;;;;;;;;;;;;;;;;;;;;;;;;;
CPLEX;p54;300;0,04;0;0,0;8777,0;8777,0;110;1010;2010;110;1010;2010;0,0;21774,0;0,0;106,0;8777,0;0,03;27;7;;4;;1;;5;27;7;;4;;;1;;5;27;7;;4;;;;1;;5
GUROBI;p54;300;0,01;0;1,0;8777,0;8777,0;110;1010;2010;110;1010;2010;8343,50715;16658,0;8343,50715;8777,0;8777,0;0,0;40;5;;1;;1;5;;40;5;;1;;;1;5;;40;5;;1;;;;1;5;
CBC;p54;300;0,12;0;0;8777,0;8777,0;110;1010;2010;110;1010;2010;;;;;;;;;;;;;;;;;;;;;;;;;;;;;;;;;
CPLEX;p54;600;0,04;0;0,0;8777,0;8777,0;110;1010;2010;110;1010;2010;0,0;21774,0;0,0;106,0;8777,0;0,04;27;7;;4;;1;;5;27;7;;4;;;1;;5;27;7;;4;;;;1;;5
GUROBI;p54;600;0,01;0;1,0;8777,0;8777,0;110;1010;2010;110;1010;2010;8343,50715;16658,0;8343,50715;8777,0;8777,0;0,0;40;5;;1;;1;5;;40;5;;1;;;1;5;;40;5;;1;;;;1;5;
CBC;p54;600;0,12;0;0;8777,0;8777,0;110;1010;2010;110;1010;2010;;;;;;;;;;;;;;;;;;;;;;;;;;;;;;;;;
CPLEX;p55;120;0,1;0;0,0;7654,0;7654,0;120;2020;4020;78;472;930;0,0;27043,0;0,0;7654,0;7654,0;0,1;61;22;1;14;2;1;;10;61;22;1;14;;2;1;;10;61;22;1;14;;;2;1;;10
GUROBI;p55;120;0,09;0;1,0;7654,0;7654,0;120;2020;4020;120;2020;4020;6910,39513;17749,0;6910,39513;7644,89818;7654,0;0,0;38;6;;3;1;5;6;;38;6;;3;;1;5;6;;38;6;;3;;;1;5;6;
CBC;p55;120;0,34;0;10;7654,0;7654,0;120;2020;4020;120;2020;4020;7633,51;7692,0;7633,51;;;;;;;;;;;;;;;;;;;;;;;;;;;;;;
CPLEX;p55;300;0,1;0;0,0;7654,0;7654,0;120;2020;4020;78;472;930;0,0;27043,0;0,0;7654,0;7654,0;0,1;61;22;1;14;2;1;;10;61;22;1;14;;2;1;;10;61;22;1;14;;;2;1;;10
GUROBI;p55;300;0,09;0;1,0;7654,0;7654,0;120;2020;4020;120;2020;4020;6910,39513;17749,0;6910,39513;7644,89818;7654,0;0,0;38;6;;3;1;5;6;;38;6;;3;;1;5;6;;38;6;;3;;;1;5;6;
CBC;p55;300;0,35;0;10;7654,0;7654,0;120;2020;4020;120;2020;4020;7633,51;7692,0;7633,51;;;;;;;;;;;;;;;;;;;;;;;;;;;;;;
CPLEX;p55;600;0,1;0;0,0;7654,0;7654,0;120;2020;4020;78;472;930;0,0;27043,0;0,0;7654,0;7654,0;0,1;61;22;1;14;2;1;;10;61;22;1;14;;2;1;;10;61;22;1;14;;;2;1;;10
GUROBI;p55;600;0,08;0;1,0;7654,0;7654,0;120;2020;4020;120;2020;4020;6910,39513;17749,0;6910,39513;7644,89818;7654,0;0,0;38;6;;3;1;5;6;;38;6;;3;;1;5;6;;38;6;;3;;;1;5;6;
CBC;p55;600;0,34;0;10;7654,0;7654,0;120;2020;4020;120;2020;4020;7633,51;7692,0;7633,51;;;;;;;;;;;;;;;;;;;;;;;;;;;;;;
CPLEX;p56;120;0,95;0;364,0;21103,0;21101,469373;230;6030;12030;230;1241;2454;0,0;89016,0;0,0;21048,1483;21121,0;0,88;153;161;10;19;2;32;;39;153;161;10;19;;2;32;;39;153;161;10;19;;;2;32;;39
GUROBI;p56;120;0,9;0;1893,0;21103,0;21103,0;230;6030;12030;230;6030;12030;16477,0;57411,0;16477,0;20979,8509;21120,0;0,0;193;56;;3;;23;37;;193;56;;3;;;23;37;;193;56;;3;;;;23;37;
CBC;p56;120;3,58;0;294;21103,0;21103,0;230;6030;12030;230;6030;12030;20976,064;22512,0;20976,064;;;;;;;;;;;;;;;;;;;;;;;;;;;;;;
CPLEX;p56;300;0,91;0;364,0;21103,0;21101,469373;230;6030;12030;230;1241;2454;0,0;89016,0;0,0;21048,1483;21121,0;0,84;153;161;10;19;2;32;;39;153;161;10;19;;2;32;;39;153;161;10;19;;;2;32;;39
GUROBI;p56;300;0,88;0;1893,0;21103,0;21103,0;230;6030;12030;230;6030;12030;16477,0;57411,0;16477,0;20979,8509;21120,0;0,0;193;56;;3;;23;37;;193;56;;3;;;23;37;;193;56;;3;;;;23;37;
CBC;p56;300;3,58;0;294;21103,0;21103,0;230;6030;12030;230;6030;12030;20976,064;22512,0;20976,064;;;;;;;;;;;;;;;;;;;;;;;;;;;;;;
CPLEX;p56;600;0,92;0;364,0;21103,0;21101,469373;230;6030;12030;230;1241;2454;0,0;89016,0;0,0;21048,1483;21121,0;0,84;153;161;10;19;2;32;;39;153;161;10;19;;2;32;;39;153;161;10;19;;;2;32;;39
GUROBI;p56;600;0,89;0;1893,0;21103,0;21103,0;230;6030;12030;230;6030;12030;16477,0;57411,0;16477,0;20979,8509;21120,0;0,0;193;56;;3;;23;37;;193;56;;3;;;23;37;;193;56;;3;;;;23;37;
CBC;p56;600;3,58;0;294;21103,0;21103,0;230;6030;12030;230;6030;12030;20976,064;22512,0;20976,064;;;;;;;;;;;;;;;;;;;;;;;;;;;;;;
CPLEX;p57;120;1,56;0;1833,0;26039,0;26037,006283;230;6030;12030;230;6030;12030;0,0;98016,0;0,0;25774,0927;26408,0;0,73;191;421;15;19;;39;;53;191;421;15;19;;;39;;53;191;421;15;19;;;;39;;53
GUROBI;p57;120;1,37;0;3936,0;26039,0;26039,0;230;6030;12030;230;6030;12030;21034,0;65811,0;21034,0;25741,6363;26597,0;0,0;190;66;;;;34;51;1;190;66;;;;;34;51;1;190;66;;;;;;34;51;1
CBC;p57;120;25,0;0;2389;26039,0;26039,0;230;6030;12030;230;6030;12030;25772,537;29796,0;25772,537;;;;;;;;;;;;;;;;;;;;;;;;;;;;;;
CPLEX;p57;300;1,49;0;1833,0;26039,0;26037,006283;230;6030;12030;230;6030;12030;0,0;98016,0;0,0;25774,0927;26408,0;0,68;191;421;15;19;;39;;53;191;421;15;19;;;39;;53;191;421;15;19;;;;39;;53
GUROBI;p57;300;1,36;0;3936,0;26039,0;26039,0;230;6030;12030;230;6030;12030;21034,0;65811,0;21034,0;25741,6363;26597,0;0,0;190;66;;;;34;51;1;190;66;;;;;34;51;1;190;66;;;;;;34;51;1
CBC;p57;300;24,92;0;2389;26039,0;26039,0;230;6030;12030;230;6030;12030;25772,537;29796,0;25772,537;;;;;;;;;;;;;;;;;;;;;;;;;;;;;;
CPLEX;p57;600;1,53;0;1833,0;26039,0;26037,006283;230;6030;12030;230;6030;12030;0,0;98016,0;0,0;25774,0927;26408,0;0,71;191;421;15;19;;39;;53;191;421;15;19;;;39;;53;191;421;15;19;;;;39;;53
GUROBI;p57;600;1,35;0;3936,0;26039,0;26039,0;230;6030;12030;230;6030;12030;21034,0;65811,0;21034,0;25741,6363;26597,0;0,0;190;66;;;;34;51;1;190;66;;;;;34;51;1;190;66;;;;;;34;51;1
CBC;p57;600;24,83;0;2389;26039,0;26039,0;230;6030;12030;230;6030;12030;25772,537;29796,0;25772,537;;;;;;;;;;;;;;;;;;;;;;;;;;;;;;
CPLEX;p58;120;9,77;0;11055,0;37239,0;37235,438878;230;6030;12030;230;6030;12030;0,0;119016,0;0,0;36471,0525;37608,0;0,89;205;657;16;6;;36;;6;205;657;16;6;;;36;;6;205;657;16;6;;;;36;;6
GUROBI;p58;120;17,32;0;19546,0;37239,0;37239,0;230;6030;12030;230;6030;12030;31667,0;85411,0;31667,0;36417,3723;37690,0;0,0;207;89;85;9;;149;83;1;207;89;85;9;;;149;83;1;207;89;85;9;;;;149;83;1
CBC;p58;120;119,92;2,1246878258777;11958;37399,0;36604,388;230;6030;12030;230;6030;12030;36454,949;44706,0;36454,949;;;;;;;;;;;;;;;;;;;;;;;;;;;;;;
CPLEX;p58;300;9,77;0;11055,0;37239,0;37235,438878;230;6030;12030;230;6030;12030;0,0;119016,0;0,0;36471,0525;37608,0;0,87;205;657;16;6;;36;;6;205;657;16;6;;;36;;6;205;657;16;6;;;;36;;6
GUROBI;p58;300;17,31;0;19546,0;37239,0;37239,0;230;6030;12030;230;6030;12030;31667,0;85411,0;31667,0;36417,3723;37690,0;0,0;207;89;85;9;;149;83;1;207;89;85;9;;;149;83;1;207;89;85;9;;;;149;83;1
CBC;p58;300;299,98;1,8535098275170545;23006;37395,0;36701,88;230;6030;12030;230;6030;12030;36454,949;44706,0;36454,949;;;;;;;;;;;;;;;;;;;;;;;;;;;;;;
CPLEX;p58;600;9,75;0;11055,0;37239,0;37235,438878;230;6030;12030;230;6030;12030;0,0;119016,0;0,0;36471,0525;37608,0;0,86;205;657;16;6;;36;;6;205;657;16;6;;;36;;6;205;657;16;6;;;;36;;6
GUROBI;p58;600;17,33;0;19546,0;37239,0;37239,0;230;6030;12030;230;6030;12030;31667,0;85411,0;31667,0;36417,3723;37690,0;0,0;207;89;85;9;;149;83;1;207;89;85;9;;;149;83;1;207;89;85;9;;;;149;83;1
CBC;p58;600;599,92;1,6927339341587997;50829;37393,0;36760,036;230;6030;12030;230;6030;12030;36454,949;44706,0;36454,949;;;;;;;;;;;;;;;;;;;;;;;;;;;;;;
CPLEX;p59;120;3,44;0;7572,0;27282,0;27279,310908;230;6030;12030;230;3809;7590;0,0;104255,0;0,0;26952,7724;27282,0;0,99;125;465;21;17;;52;;33;125;465;21;17;;;52;;33;125;465;21;17;;;;52;;33
GUROBI;p59;120;4,52;0;4069,0;27282,0;27282,0;230;6030;12030;230;6030;12030;23355,1314;71132,0;23355,1314;26889,9246;27550,0;0,0;136;57;35;11;;66;50;;136;57;35;11;;;66;50;;136;57;35;11;;;;66;50;
CBC;p59;120;67,63;0;7771;27282,0;27282,0;230;6030;12030;230;6030;12030;26914,484;28255,0;26914,484;;;;;;;;;;;;;;;;;;;;;;;;;;;;;;
CPLEX;p59;300;3,46;0;7572,0;27282,0;27279,310908;230;6030;12030;230;3809;7590;0,0;104255,0;0,0;26952,7724;27282,0;0,99;125;465;21;17;;52;;33;125;465;21;17;;;52;;33;125;465;21;17;;;;52;;33
GUROBI;p59;300;4,52;0;4069,0;27282,0;27282,0;230;6030;12030;230;6030;12030;23355,1314;71132,0;23355,1314;26889,9246;27550,0;0,0;136;57;35;11;;66;50;;136;57;35;11;;;66;50;;136;57;35;11;;;;66;50;
CBC;p59;300;67,83;0;7771;27282,0;27282,0;230;6030;12030;230;6030;12030;26914,484;28255,0;26914,484;;;;;;;;;;;;;;;;;;;;;;;;;;;;;;
CPLEX;p59;600;3,48;0;7572,0;27282,0;27279,310908;230;6030;12030;230;3809;7590;0,0;104255,0;0,0;26952,7724;27282,0;1,0;125;465;21;17;;52;;33;125;465;21;17;;;52;;33;125;465;21;17;;;;52;;33
GUROBI;p59;600;4,52;0;4069,0;27282,0;27282,0;230;6030;12030;230;6030;12030;23355,1314;71132,0;23355,1314;26889,9246;27550,0;0,0;136;57;35;11;;66;50;;136;57;35;11;;;66;50;;136;57;35;11;;;;66;50;
CBC;p59;600;67,59;0;7771;27282,0;27282,0;230;6030;12030;230;6030;12030;26914,484;28255,0;26914,484;;;;;;;;;;;;;;;;;;;;;;;;;;;;;;
CPLEX;p60;120;0,17;0;0,0;20534,0;20534,0;230;6030;12030;230;6030;12030;0,0;89016,0;0,0;20534,0;20534,0;0,17;214;40;;12;;20;;45;214;40;;12;;;20;;45;214;40;;12;;;;20;;45
GUROBI;p60;120;0,16;0;1,0;20534,0;20534,0;230;6030;12030;230;6030;12030;13945,3333;58804,0;13945,3333;20534,0;20534,0;0,0;217;41;;;;14;29;;217;41;;;;;14;29;;217;41;;;;;;14;29;
CBC;p60;120;0,31;0;0;20534,0;20534,0;230;6030;12030;230;6030;12030;;;;;;;;;;;;;;;;;;;;;;;;;;;;;;;;;
CPLEX;p60;300;0,17;0;0,0;20534,0;20534,0;230;6030;12030;230;6030;12030;0,0;89016,0;0,0;20534,0;20534,0;0,17;214;40;;12;;20;;45;214;40;;12;;;20;;45;214;40;;12;;;;20;;45
GUROBI;p60;300;0,16;0;1,0;20534,0;20534,0;230;6030;12030;230;6030;12030;13945,3333;58804,0;13945,3333;20534,0;20534,0;0,0;217;41;;;;14;29;;217;41;;;;;14;29;;217;41;;;;;;14;29;
CBC;p60;300;0,31;0;0;20534,0;20534,0;230;6030;12030;230;6030;12030;;;;;;;;;;;;;;;;;;;;;;;;;;;;;;;;;
CPLEX;p60;600;0,17;0;0,0;20534,0;20534,0;230;6030;12030;230;6030;12030;0,0;89016,0;0,0;20534,0;20534,0;0,17;214;40;;12;;20;;45;214;40;;12;;;20;;45;214;40;;12;;;;20;;45
GUROBI;p60;600;0,16;0;1,0;20534,0;20534,0;230;6030;12030;230;6030;12030;13945,3333;58804,0;13945,3333;20534,0;20534,0;0,0;217;41;;;;14;29;;217;41;;;;;14;29;;217;41;;;;;;14;29;
CBC;p60;600;0,3;0;0;20534,0;20534,0;230;6030;12030;230;6030;12030;;;;;;;;;;;;;;;;;;;;;;;;;;;;;;;;;
CPLEX;p61;120;0,27;0;0,0;24454,0;24454,0;230;6030;12030;230;6030;12030;0,0;98016,0;0,0;24454,0;24454,0;0,27;289;58;3;8;;39;;50;289;58;3;8;;;39;;50;289;58;3;8;;;;39;;50
GUROBI;p61;120;0,23;0;1,0;24454,0;24454,0;230;6030;12030;230;6030;12030;16983,3333;67204,0;16983,3333;24454,0;24454,0;0,0;247;49;;;;19;26;;247;49;;;;;19;26;;247;49;;;;;;19;26;
CBC;p61;120;0,4;0;0;24454,0;24454,0;230;6030;12030;230;6030;12030;;;;;;;;;;;;;;;;;;;;;;;;;;;;;;;;;
CPLEX;p61;300;0,26;0;0,0;24454,0;24454,0;230;6030;12030;230;6030;12030;0,0;98016,0;0,0;24454,0;24454,0;0,25;289;58;3;8;;39;;50;289;58;3;8;;;39;;50;289;58;3;8;;;;39;;50
GUROBI;p61;300;0,24;0;1,0;24454,0;24454,0;230;6030;12030;230;6030;12030;16983,3333;67204,0;16983,3333;24454,0;24454,0;0,0;247;49;;;;19;26;;247;49;;;;;19;26;;247;49;;;;;;19;26;
CBC;p61;300;0,4;0;0;24454,0;24454,0;230;6030;12030;230;6030;12030;;;;;;;;;;;;;;;;;;;;;;;;;;;;;;;;;
CPLEX;p61;600;0,23;0;0,0;24454,0;24454,0;230;6030;12030;230;6030;12030;0,0;98016,0;0,0;24454,0;24454,0;0,23;289;58;3;8;;39;;50;289;58;3;8;;;39;;50;289;58;3;8;;;;39;;50
GUROBI;p61;600;0,23;0;1,0;24454,0;24454,0;230;6030;12030;230;6030;12030;16983,3333;67204,0;16983,3333;24454,0;24454,0;0,0;247;49;;;;19;26;;247;49;;;;;19;26;;247;49;;;;;;19;26;
CBC;p61;600;0,4;0;0;24454,0;24454,0;230;6030;12030;230;6030;12030;;;;;;;;;;;;;;;;;;;;;;;;;;;;;;;;;
CPLEX;p62;120;2,97;0;412,0;32643,0;32640,28947;230;6030;12030;230;4374;8718;0,0;119016,0;0,0;32598,8058;32651,0;2,62;303;261;15;9;;73;;35;303;261;15;9;;;73;;35;303;261;15;9;;;;73;;35
GUROBI;p62;120;1,39;0;1580,0;32643,0;32643,0;230;6030;12030;230;6030;12030;24072,0;86804,0;24072,0;32259,5265;32662,0;0,0;306;104;;;;35;31;;306;104;;;;;35;31;;306;104;;;;;;35;31;
CBC;p62;120;35,29;0;2482;32643,0;32643,0;230;6030;12030;230;6030;12030;32301,805;53882,0;32301,805;;;;;;;;;;;;;;;;;;;;;;;;;;;;;;
CPLEX;p62;300;2,93;0;412,0;32643,0;32640,28947;230;6030;12030;230;4374;8718;0,0;119016,0;0,0;32598,8058;32651,0;2,57;303;261;15;9;;73;;35;303;261;15;9;;;73;;35;303;261;15;9;;;;73;;35
GUROBI;p62;300;1,4;0;1580,0;32643,0;32643,0;230;6030;12030;230;6030;12030;24072,0;86804,0;24072,0;32259,5265;32662,0;0,0;306;104;;;;35;31;;306;104;;;;;35;31;;306;104;;;;;;35;31;
CBC;p62;300;35,31;0;2482;32643,0;32643,0;230;6030;12030;230;6030;12030;32301,805;53882,0;32301,805;;;;;;;;;;;;;;;;;;;;;;;;;;;;;;
CPLEX;p62;600;2,92;0;412,0;32643,0;32640,28947;230;6030;12030;230;4374;8718;0,0;119016,0;0,0;32598,8058;32651,0;2,57;303;261;15;9;;73;;35;303;261;15;9;;;73;;35;303;261;15;9;;;;73;;35
GUROBI;p62;600;1,39;0;1580,0;32643,0;32643,0;230;6030;12030;230;6030;12030;24072,0;86804,0;24072,0;32259,5265;32662,0;0,0;306;104;;;;35;31;;306;104;;;;;35;31;;306;104;;;;;;35;31;
CBC;p62;600;35,32;0;2482;32643,0;32643,0;230;6030;12030;230;6030;12030;32301,805;53882,0;32301,805;;;;;;;;;;;;;;;;;;;;;;;;;;;;;;
CPLEX;p63;120;0,29;0;0,0;25105,0;25102,864103;230;6030;12030;157;544;1073;0,0;104255,0;0,0;25095,5984;25105,0;;201;37;5;16;1;22;;27;201;37;5;16;4;1;22;;27;201;37;5;16;;4;1;22;;27
GUROBI;p63;120;0,3;0;1,0;25105,0;25105,0;230;6030;12030;230;6030;12030;18633,4033;72525,0;18633,4033;25105,0;25105,0;0,0;;;;;;1;2;;;;;;;;1;2;;;;;;;;;1;2;
CBC;p63;120;0,81;0;24;25105,0;25105,0;230;6030;12030;230;6030;12030;25065,137;25141,0;25065,137;;;;;;;;;;;;;;;;;;;;;;;;;;;;;;
CPLEX;p63;300;0,33;0;0,0;25105,0;25102,864103;230;6030;12030;157;544;1073;0,0;104255,0;0,0;25095,5984;25105,0;;201;37;5;16;1;22;;27;201;37;5;16;4;1;22;;27;201;37;5;16;;4;1;22;;27
GUROBI;p63;300;0,3;0;1,0;25105,0;25105,0;230;6030;12030;230;6030;12030;18633,4033;72525,0;18633,4033;25105,0;25105,0;0,0;;;;;;1;2;;;;;;;;1;2;;;;;;;;;1;2;
CBC;p63;300;0,79;0;24;25105,0;25105,0;230;6030;12030;230;6030;12030;25065,137;25141,0;25065,137;;;;;;;;;;;;;;;;;;;;;;;;;;;;;;
CPLEX;p63;600;0,3;0;0,0;25105,0;25102,864103;230;6030;12030;157;544;1073;0,0;104255,0;0,0;25095,5984;25105,0;;201;37;5;16;1;22;;27;201;37;5;16;4;1;22;;27;201;37;5;16;;4;1;22;;27
GUROBI;p63;600;0,3;0;1,0;25105,0;25105,0;230;6030;12030;230;6030;12030;18633,4033;72525,0;18633,4033;25105,0;25105,0;0,0;;;;;;1;2;;;;;;;;1;2;;;;;;;;;1;2;
CBC;p63;600;0,81;0;24;25105,0;25105,0;230;6030;12030;230;6030;12030;25065,137;25141,0;25065,137;;;;;;;;;;;;;;;;;;;;;;;;;;;;;;
CPLEX;p64;120;0,23;0;0,0;20530,0;20530,0;230;6030;12030;230;3305;6580;0,0;89016,0;0,0;20530,0;20530,0;0,23;213;44;3;11;;25;;60;213;44;3;11;;;25;;60;213;44;3;11;;;;25;;60
GUROBI;p64;120;0,15;0;1,0;20530,0;20530,0;230;6030;12030;230;6030;12030;12679,5;57435,0;12679,5;20530,0;20530,0;0,0;237;37;;;;13;31;;237;37;;;;;13;31;;237;37;;;;;;13;31;
CBC;p64;120;0,33;0;0;20530,0;20530,0;230;6030;12030;230;6030;12030;;;;;;;;;;;;;;;;;;;;;;;;;;;;;;;;;
CPLEX;p64;300;0,23;0;0,0;20530,0;20530,0;230;6030;12030;230;3305;6580;0,0;89016,0;0,0;20530,0;20530,0;0,22;213;44;3;11;;25;;60;213;44;3;11;;;25;;60;213;44;3;11;;;;25;;60
GUROBI;p64;300;0,15;0;1,0;20530,0;20530,0;230;6030;12030;230;6030;12030;12679,5;57435,0;12679,5;20530,0;20530,0;0,0;237;37;;;;13;31;;237;37;;;;;13;31;;237;37;;;;;;13;31;
CBC;p64;300;0,33;0;0;20530,0;20530,0;230;6030;12030;230;6030;12030;;;;;;;;;;;;;;;;;;;;;;;;;;;;;;;;;
CPLEX;p64;600;0,25;0;0,0;20530,0;20530,0;230;6030;12030;230;3305;6580;0,0;89016,0;0,0;20530,0;20530,0;0,24;213;44;3;11;;25;;60;213;44;3;11;;;25;;60;213;44;3;11;;;;25;;60
GUROBI;p64;600;0,14;0;1,0;20530,0;20530,0;230;6030;12030;230;6030;12030;12679,5;57435,0;12679,5;20530,0;20530,0;0,0;237;37;;;;13;31;;237;37;;;;;13;31;;237;37;;;;;;13;31;
CBC;p64;600;0,33;0;0;20530,0;20530,0;230;6030;12030;230;6030;12030;;;;;;;;;;;;;;;;;;;;;;;;;;;;;;;;;
CPLEX;p65;120;0,21;0;0,0;24445,0;24445,0;230;6030;12030;230;6030;12030;0,0;98016,0;0,0;24445,0;24445,0;0,2;313;56;2;1;;37;;71;313;56;2;1;;;37;;71;313;56;2;1;;;;37;;71
GUROBI;p65;120;0,25;0;1,0;24445,0;24445,0;230;6030;12030;230;6030;12030;14958,0;65535,0;14958,0;24445,0;24445,0;0,0;310;52;;;;17;25;;310;52;;;;;17;25;;310;52;;;;;;17;25;
CBC;p65;120;0,37;0;0;24445,0;24445,0;230;6030;12030;230;6030;12030;;;;;;;;;;;;;;;;;;;;;;;;;;;;;;;;;
CPLEX;p65;300;0,22;0;0,0;24445,0;24445,0;230;6030;12030;230;6030;12030;0,0;98016,0;0,0;24445,0;24445,0;0,21;313;56;2;1;;37;;71;313;56;2;1;;;37;;71;313;56;2;1;;;;37;;71
GUROBI;p65;300;0,25;0;1,0;24445,0;24445,0;230;6030;12030;230;6030;12030;14958,0;65535,0;14958,0;24445,0;24445,0;0,0;310;52;;;;17;25;;310;52;;;;;17;25;;310;52;;;;;;17;25;
CBC;p65;300;0,37;0;0;24445,0;24445,0;230;6030;12030;230;6030;12030;;;;;;;;;;;;;;;;;;;;;;;;;;;;;;;;;
CPLEX;p65;600;0,24;0;0,0;24445,0;24445,0;230;6030;12030;230;6030;12030;0,0;98016,0;0,0;24445,0;24445,0;0,23;313;56;2;1;;37;;71;313;56;2;1;;;37;;71;313;56;2;1;;;;37;;71
GUROBI;p65;600;0,24;0;1,0;24445,0;24445,0;230;6030;12030;230;6030;12030;14958,0;65535,0;14958,0;24445,0;24445,0;0,0;310;52;;;;17;25;;310;52;;;;;17;25;;310;52;;;;;;17;25;
CBC;p65;600;0,39;0;0;24445,0;24445,0;230;6030;12030;230;6030;12030;;;;;;;;;;;;;;;;;;;;;;;;;;;;;;;;;
CPLEX;p66;120;4,18;0;560,0;31415,0;31412,198262;230;6030;12030;230;4270;8510;0,0;119016,0;0,0;31386,395;31420,0;4,0;379;187;5;;;78;;53;379;187;5;;;;78;;53;379;187;5;;;;;78;;53
GUROBI;p66;120;4,18;0;2531,0;31415,0;31415,0;230;6030;12030;230;6030;12030;20274,5;84435,0;20274,5;31181,8833;31822,0;0,0;388;90;13;;;33;42;;388;90;13;;;;33;42;;388;90;13;;;;;33;42;
CBC;p66;120;22,21;0;738;31415,0;31415,0;230;6030;12030;230;6030;12030;31242,542;33263,0;31242,542;;;;;;;;;;;;;;;;;;;;;;;;;;;;;;
CPLEX;p66;300;4,25;0;560,0;31415,0;31412,198262;230;6030;12030;230;4270;8510;0,0;119016,0;0,0;31386,395;31420,0;4,07;379;187;5;;;78;;53;379;187;5;;;;78;;53;379;187;5;;;;;78;;53
GUROBI;p66;300;4,25;0;2531,0;31415,0;31415,0;230;6030;12030;230;6030;12030;20274,5;84435,0;20274,5;31181,8833;31822,0;0,0;388;90;13;;;33;42;;388;90;13;;;;33;42;;388;90;13;;;;;33;42;
CBC;p66;300;22,15;0;738;31415,0;31415,0;230;6030;12030;230;6030;12030;31242,542;33263,0;31242,542;;;;;;;;;;;;;;;;;;;;;;;;;;;;;;
CPLEX;p66;600;4,2;0;560,0;31415,0;31412,198262;230;6030;12030;230;4270;8510;0,0;119016,0;0,0;31386,395;31420,0;4,02;379;187;5;;;78;;53;379;187;5;;;;78;;53;379;187;5;;;;;78;;53
GUROBI;p66;600;4,18;0;2531,0;31415,0;31415,0;230;6030;12030;230;6030;12030;20274,5;84435,0;20274,5;31181,8833;31822,0;0,0;388;90;13;;;33;42;;388;90;13;;;;33;42;;388;90;13;;;;;33;42;
CBC;p66;600;22,12;0;738;31415,0;31415,0;230;6030;12030;230;6030;12030;31242,542;33263,0;31242,542;;;;;;;;;;;;;;;;;;;;;;;;;;;;;;
CPLEX;p67;120;0,6;0;0,0;24848,0;24846,472222;230;6030;12030;175;664;1314;0,0;105015,0;0,0;24810,05;24848,0;;168;50;;9;1;19;;41;168;50;;9;;1;19;;41;168;50;;9;;;1;19;;41
GUROBI;p67;120;0,65;0;138,0;24848,0;24848,0;230;6030;12030;230;6030;12030;18825,1617;72083,0;18825,1617;24804,3487;24904,0;0,0;143;38;;;3;18;13;;143;38;;;;3;18;13;;143;38;;;;;3;18;13;
CBC;p67;120;2,3;0;80;24848,0;24848,0;230;6030;12030;230;6030;12030;24798,409;25014,0;24798,409;;;;;;;;;;;;;;;;;;;;;;;;;;;;;;
CPLEX;p67;300;0,59;0;0,0;24848,0;24846,472222;230;6030;12030;175;664;1314;0,0;105015,0;0,0;24810,05;24848,0;;168;50;;9;1;19;;41;168;50;;9;;1;19;;41;168;50;;9;;;1;19;;41
GUROBI;p67;300;0,66;0;138,0;24848,0;24848,0;230;6030;12030;230;6030;12030;18825,1617;72083,0;18825,1617;24804,3487;24904,0;0,0;143;38;;;3;18;13;;143;38;;;;3;18;13;;143;38;;;;;3;18;13;
CBC;p67;300;2,31;0;80;24848,0;24848,0;230;6030;12030;230;6030;12030;24798,409;25014,0;24798,409;;;;;;;;;;;;;;;;;;;;;;;;;;;;;;
CPLEX;p67;600;0,58;0;0,0;24848,0;24846,472222;230;6030;12030;175;664;1314;0,0;105015,0;0,0;24810,05;24848,0;;168;50;;9;1;19;;41;168;50;;9;;1;19;;41;168;50;;9;;;1;19;;41
GUROBI;p67;600;0,65;0;138,0;24848,0;24848,0;230;6030;12030;230;6030;12030;18825,1617;72083,0;18825,1617;24804,3487;24904,0;0,0;143;38;;;3;18;13;;143;38;;;;3;18;13;;143;38;;;;;3;18;13;
CBC;p67;600;2,29;0;80;24848,0;24848,0;230;6030;12030;230;6030;12030;24798,409;25014,0;24798,409;;;;;;;;;;;;;;;;;;;;;;;;;;;;;;
CPLEX;p68;120;0,24;0;0,0;20538,0;20538,0;230;6030;12030;230;6030;12030;0,0;89016,0;0,0;20517,615;20538,0;0,23;208;37;2;14;;17;;40;208;37;2;14;;;17;;40;208;37;2;14;;;;17;;40
GUROBI;p68;120;0,17;0;1,0;20538,0;20538,0;230;6030;12030;230;6030;12030;14180,8694;57927,0;14180,8694;20538,0;20538,0;0,0;204;37;;;;8;32;;204;37;;;;;8;32;;204;37;;;;;;8;32;
CBC;p68;120;0,41;0;0;20538,0;20538,0;230;6030;12030;230;6030;12030;;;;;;;;;;;;;;;;;;;;;;;;;;;;;;;;;
CPLEX;p68;300;0,18;0;0,0;20538,0;20538,0;230;6030;12030;230;6030;12030;0,0;89016,0;0,0;20517,615;20538,0;0,16;208;37;2;14;;17;;40;208;37;2;14;;;17;;40;208;37;2;14;;;;17;;40
GUROBI;p68;300;0,17;0;1,0;20538,0;20538,0;230;6030;12030;230;6030;12030;14180,8694;57927,0;14180,8694;20538,0;20538,0;0,0;204;37;;;;8;32;;204;37;;;;;8;32;;204;37;;;;;;8;32;
CBC;p68;300;0,43;0;0;20538,0;20538,0;230;6030;12030;230;6030;12030;;;;;;;;;;;;;;;;;;;;;;;;;;;;;;;;;
CPLEX;p68;600;0,2;0;0,0;20538,0;20538,0;230;6030;12030;230;6030;12030;0,0;89016,0;0,0;20517,615;20538,0;0,18;208;37;2;14;;17;;40;208;37;2;14;;;17;;40;208;37;2;14;;;;17;;40
GUROBI;p68;600;0,17;0;1,0;20538,0;20538,0;230;6030;12030;230;6030;12030;14180,8694;57927,0;14180,8694;20538,0;20538,0;0,0;204;37;;;;8;32;;204;37;;;;;8;32;;204;37;;;;;;8;32;
CBC;p68;600;0,42;0;0;20538,0;20538,0;230;6030;12030;230;6030;12030;;;;;;;;;;;;;;;;;;;;;;;;;;;;;;;;;
CPLEX;p69;120;0,28;0;0,0;24532,0;24532,0;230;6030;12030;212;860;1692;0,0;98016,0;0,0;1053,0;24532,0;0,28;232;45;1;7;1;16;;30;232;45;1;7;1;1;16;;30;232;45;1;7;;1;1;16;;30
GUROBI;p69;120;0,22;0;1,0;24532,0;24532,0;230;6030;12030;230;6030;12030;17303,9348;66027,0;17303,9348;24503,2674;24532,0;0,0;229;49;;;;10;18;;229;49;;;;;10;18;;229;49;;;;;;10;18;
CBC;p69;120;0,55;0;0;24532,0;24532,0;230;6030;12030;230;6030;12030;;;;;;;;;;;;;;;;;;;;;;;;;;;;;;;;;
CPLEX;p69;300;0,28;0;0,0;24532,0;24532,0;230;6030;12030;212;860;1692;0,0;98016,0;0,0;1053,0;24532,0;0,28;232;45;1;7;1;16;;30;232;45;1;7;1;1;16;;30;232;45;1;7;;1;1;16;;30
GUROBI;p69;300;0,22;0;1,0;24532,0;24532,0;230;6030;12030;230;6030;12030;17303,9348;66027,0;17303,9348;24503,2674;24532,0;0,0;229;49;;;;10;18;;229;49;;;;;10;18;;229;49;;;;;;10;18;
CBC;p69;300;0,56;0;0;24532,0;24532,0;230;6030;12030;230;6030;12030;;;;;;;;;;;;;;;;;;;;;;;;;;;;;;;;;
CPLEX;p69;600;0,29;0;0,0;24532,0;24532,0;230;6030;12030;212;860;1692;0,0;98016,0;0,0;1053,0;24532,0;0,29;232;45;1;7;1;16;;30;232;45;1;7;1;1;16;;30;232;45;1;7;;1;1;16;;30
GUROBI;p69;600;0,22;0;1,0;24532,0;24532,0;230;6030;12030;230;6030;12030;17303,9348;66027,0;17303,9348;24503,2674;24532,0;0,0;229;49;;;;10;18;;229;49;;;;;10;18;;229;49;;;;;;10;18;
CBC;p69;600;0,56;0;0;24532,0;24532,0;230;6030;12030;230;6030;12030;;;;;;;;;;;;;;;;;;;;;;;;;;;;;;;;;
CPLEX;p70;120;1,18;0;174,0;32322,0;32318,933325;230;6030;12030;230;1599;3168;0,0;119016,0;0,0;32291,7606;32322,0;1,07;267;115;10;10;;56;;33;267;115;10;10;;;56;;33;267;115;10;10;;;;56;;33
GUROBI;p70;120;1,01;0;403,0;32321,0;32321,0;230;6030;12030;230;6030;12030;24464,1214;84927,0;24464,1214;32198,2835;32361,0;0,0;254;70;;;;29;31;1;254;70;;;;;29;31;1;254;70;;;;;;29;31;1
CBC;p70;120;5,23;0;191;32321,0;32321,0;230;6030;12030;230;6030;12030;32209,514;32874,0;32209,514;;;;;;;;;;;;;;;;;;;;;;;;;;;;;;
CPLEX;p70;300;1,18;0;174,0;32322,0;32318,933325;230;6030;12030;230;1599;3168;0,0;119016,0;0,0;32291,7606;32322,0;1,06;267;115;10;10;;56;;33;267;115;10;10;;;56;;33;267;115;10;10;;;;56;;33
GUROBI;p70;300;1,04;0;403,0;32321,0;32321,0;230;6030;12030;230;6030;12030;24464,1214;84927,0;24464,1214;32198,2835;32361,0;0,0;254;70;;;;29;31;1;254;70;;;;;29;31;1;254;70;;;;;;29;31;1
CBC;p70;300;5,21;0;191;32321,0;32321,0;230;6030;12030;230;6030;12030;32209,514;32874,0;32209,514;;;;;;;;;;;;;;;;;;;;;;;;;;;;;;
CPLEX;p70;600;1,19;0;174,0;32322,0;32318,933325;230;6030;12030;230;1599;3168;0,0;119016,0;0,0;32291,7606;32322,0;1,07;267;115;10;10;;56;;33;267;115;10;10;;;56;;33;267;115;10;10;;;;56;;33
GUROBI;p70;600;1,0;0;403,0;32321,0;32321,0;230;6030;12030;230;6030;12030;24464,1214;84927,0;24464,1214;32198,2835;32361,0;0,0;254;70;;;;29;31;1;254;70;;;;;29;31;1;254;70;;;;;;29;31;1
CBC;p70;600;5,23;0;191;32321,0;32321,0;230;6030;12030;230;6030;12030;32209,514;32874,0;32209,514;;;;;;;;;;;;;;;;;;;;;;;;;;;;;;
CPLEX;p71;120;0,3;0;0,0;25540,0;25538,153885;230;6030;12030;179;656;1293;0,0;104255,0;0,0;25538,153885;25540,0;;200;43;7;8;;29;;48;200;43;7;8;;;29;;48;200;43;7;8;;;;29;;48
GUROBI;p71;120;0,42;0;1,0;25540,0;25538,0;230;6030;12030;230;6030;12030;18718,4522;71366,0;18718,4522;25537,0938;25540,0;0,0;;5;;;;1;6;;;5;;;;;1;6;;;5;;;;;;1;6;
CBC;p71;120;1,77;0;28;25540,0;25540,0;230;6030;12030;230;6030;12030;25514,256;25602,0;25514,256;;;;;;;;;;;;;;;;;;;;;;;;;;;;;;
CPLEX;p71;300;0,37;0;0,0;25540,0;25538,153885;230;6030;12030;179;656;1293;0,0;104255,0;0,0;25538,153885;25540,0;;200;43;7;8;;29;;48;200;43;7;8;;;29;;48;200;43;7;8;;;;29;;48
GUROBI;p71;300;0,42;0;1,0;25540,0;25538,0;230;6030;12030;230;6030;12030;18718,4522;71366,0;18718,4522;25537,0938;25540,0;0,0;;5;;;;1;6;;;5;;;;;1;6;;;5;;;;;;1;6;
CBC;p71;300;1,79;0;28;25540,0;25540,0;230;6030;12030;230;6030;12030;25514,256;25602,0;25514,256;;;;;;;;;;;;;;;;;;;;;;;;;;;;;;
CPLEX;p71;600;0,32;0;0,0;25540,0;25538,153885;230;6030;12030;179;656;1293;0,0;104255,0;0,0;25538,153885;25540,0;;200;43;7;8;;29;;48;200;43;7;8;;;29;;48;200;43;7;8;;;;29;;48
GUROBI;p71;600;0,42;0;1,0;25540,0;25538,0;230;6030;12030;230;6030;12030;18718,4522;71366,0;18718,4522;25537,0938;25540,0;0,0;;5;;;;1;6;;;5;;;;;1;6;;;5;;;;;;1;6;
CBC;p71;600;1,77;0;28;25540,0;25540,0;230;6030;12030;230;6030;12030;25514,256;25602,0;25514,256;;;;;;;;;;;;;;;;;;;;;;;;;;;;;;
